-0.50690,5.2805,2.7587
0.14170,5.9500,2.6806
0.17250,5.7988,2.6611
0.17590,5.7016,2.6611
0.28300,5.7988,2.5895
0.29070,5.7772,2.5765
0.25180,7.2566,2.6090
0.69020,4.7730,2.6546
0.26660,5.5828,2.6806
-0.06970,5.2373,2.6416
0.13760,5.6800,2.6221
0.01720,6.6411,2.7001
0.20500,5.9392,2.5895
-0.39840,5.2697,2.7457
0.23420,6.8247,2.6286
0.35320,5.6692,2.5830
0.17400,6.2524,2.6286
-0.00000,5.6368,2.6221
-0.69600,5.2589,2.9148
0.18110,6.9867,2.6351
0.06210,5.4533,2.6351
0.30960,6.1228,2.6221
0.31120,6.0688,2.5960
0.47350,6.0472,2.6351
0.08070,5.5720,2.6871
-0.00700,6.1552,2.7262
0.06420,5.4533,2.6676
0.15770,5.6476,2.6156
0.47550,7.5050,2.5310
0.20970,5.5936,2.6546
-0.06390,4.7406,2.7717
0.18480,6.0256,2.6156
1.82390,5.1833,2.4724
0.12540,7.2134,2.6221
0.26320,5.6152,2.5700
0.34080,7.3862,2.5830
0.34870,5.9176,2.5440
0.49370,5.9932,2.5765
0.04060,5.2049,2.6806
0.36070,7.0191,2.5960
0.05330,6.0688,2.6741
0.18650,6.2200,2.6416
0.10290,6.3495,2.6676
0.35500,5.9608,2.6221
0.19000,5.4965,2.6481
0.01620,6.5115,2.6546
0.27890,5.9716,2.6025
0.11440,6.2308,2.6286
0.06500,4.8809,2.6611
-0.00000,5.7772,2.5375
-0.00000,5.2481,2.5505
0.28250,5.8096,2.5310
0.29900,6.5871,2.6156
0.26820,5.5289,2.5895
0.32460,6.6735,2.5570
0.51870,4.8162,2.4789
0.56050,4.8485,2.4659
0.60900,4.8377,2.4464
0.53090,4.8593,2.4789
0.46100,4.8054,2.4659
0.56080,4.8485,2.4724
0.57590,4.8485,2.4594
0.55460,4.8485,2.4724
0.58470,4.8377,2.4594
0.56890,4.8377,2.4659
0.55400,4.8377,2.4724
0.47460,4.8162,2.5115
0.58130,4.8377,2.4594
0.57050,4.8377,2.4594
0.58420,4.8485,2.4594
0.55860,4.8485,2.4724
0.55500,4.8377,2.4724
0.64680,4.7838,2.4529
0.53060,4.8270,2.4854
0.53420,4.8377,2.4854
1.03830,4.7514,2.5245
-0.16180,4.7406,2.5245
0.57030,4.8377,2.4659
0.55040,4.8485,2.4529
0.56180,4.8377,2.4659
0.57700,4.8377,2.4659
0.55770,4.8377,2.4724
0.56850,4.8485,2.4659
0.60710,4.8270,2.4529
0.58840,4.8377,2.4659
0.58360,4.8377,2.4594
0.39970,4.8377,2.4789
0.53960,4.8377,2.4789
0.54780,4.8377,2.4789
0.52640,4.8270,2.4854
0.53540,4.8270,2.4854
0.53450,4.8377,2.4789
0.53390,4.8377,2.4854
0.54790,4.8377,2.4789
0.58240,4.8593,2.4659
0.55380,4.8162,2.4724
0.53770,4.8377,2.4854
0.53610,4.7838,2.4984
0.54190,4.8485,2.4854
0.56890,4.8377,2.4659
0.52050,4.8377,2.4854
0.53350,4.8377,2.4789
0.54520,4.8377,2.4789
0.58880,4.8270,2.4529
0.65130,4.8162,2.5049
0.60890,4.8270,2.4464
0.56740,4.8377,2.4724
0.54620,4.8485,2.4789
0.33060,4.7730,2.5570
0.55380,4.6974,2.6090
0.41070,4.8270,2.4789
0.55570,4.8377,2.4724
0.16340,4.7946,2.5245
0.54930,4.8593,2.4789
-0.00000,4.8377,2.4724
0.56450,4.8377,2.4659
0.49130,4.8270,2.4659
0.60070,4.8377,2.4529
0.62640,4.8485,2.4659
0.55020,4.8377,2.4789
0.55460,4.8377,2.4724
0.60640,4.8485,2.4594
0.53890,4.8377,2.4724
0.60920,4.8485,2.4529
0.60540,4.8377,2.4529
0.59540,4.8377,2.4464
0.58410,4.8485,2.4724
0.55050,4.8377,2.4724
0.09970,4.8162,2.5180
0.52920,4.8485,2.4854
0.52960,4.8377,2.4854
0.54940,4.8377,2.4724
0.56170,4.8485,2.4724
0.30250,4.8270,2.5180
0.58010,4.8485,2.4659
0.51430,4.8377,2.4919
0.50400,4.8377,2.4984
0.64150,4.8377,2.4464
0.55440,4.8593,2.4724
0.57330,4.8485,2.4659
0.54130,4.8593,2.4854
0.55350,4.8593,2.4789
0.59380,4.8485,2.4594
0.60280,4.8377,2.4464
0.59220,4.8485,2.4594
0.55430,4.8485,2.4789
0.56510,4.8377,2.4724
0.57480,4.8377,2.4724
0.53810,4.8485,2.4854
0.64140,4.7730,2.5570
0.82550,4.6866,2.4919
0.57140,4.8485,2.4659
0.31460,4.8270,2.4984
0.51860,4.8377,2.4919
0.60190,4.8593,2.4594
0.60370,4.8485,2.4464
0.56960,4.8593,2.4724
0.59050,4.8701,2.4594
0.53550,4.8377,2.4854
0.35720,4.7838,2.5505
0.55860,4.8485,2.4724
0.53600,4.8377,2.4594
0.61320,4.7190,2.5115
0.57290,4.7838,2.4984
0.60260,4.8377,2.4529
0.60400,4.8377,2.4529
0.57610,4.8485,2.4659
0.54300,4.8593,2.4789
0.57330,4.8377,2.4659
0.58640,4.8593,2.4659
0.52730,4.8485,2.4854
0.53410,4.8377,2.4854
0.53160,4.8593,2.4854
0.48880,4.8162,2.4984
0.56840,4.8485,2.4659
0.49960,4.8270,2.4984
0.56600,4.8485,2.4724
-0.00000,4.8377,2.4724
0.51280,4.8377,2.4919
0.49430,4.8270,2.4984
0.52590,4.8377,2.4854
0.55560,4.8485,2.4724
0.55970,4.8377,2.4724
0.51040,4.8377,2.4724
0.51660,4.8377,2.4919
0.55510,4.8485,2.4724
0.56270,4.8485,2.4789
0.52580,4.8377,2.4854
0.49490,4.8270,2.4984
0.61350,4.8270,2.4464
0.59180,4.8485,2.4594
0.51660,4.8377,2.4919
0.55060,4.8593,2.4789
0.56940,4.8701,2.4659
0.51840,4.8377,2.4919
0.56300,4.8162,2.4724
0.43130,4.8593,2.4984
0.52760,4.8593,2.4854
0.55770,4.8701,2.4724
0.55760,4.8485,2.4789
0.55730,4.6866,2.5830
0.53730,4.8485,2.4789
0.55750,4.8593,2.4724
0.00720,4.7622,2.5049
0.57230,4.8485,2.4724
-0.40750,4.7190,2.5765
0.54840,4.8593,2.4789
0.54280,4.8485,2.4789
0.69460,4.7838,2.4594
-0.00000,4.8593,2.4789
0.56960,4.8593,2.4659
0.57810,4.8593,2.4659
0.54950,4.8593,2.4724
0.58020,4.8485,2.4529
0.57320,4.8593,2.4594
0.58630,4.8593,2.4659
0.55360,4.8593,2.4724
0.52640,4.8485,2.4854
0.54110,4.7946,2.5049
0.55010,4.8377,2.4789
0.56110,4.8270,2.4659
0.51650,4.8377,2.4919
0.48880,4.8377,2.5049
0.57020,4.7838,2.5310
0.61780,4.8377,2.4464
0.55800,4.8485,2.4789
0.54380,4.8485,2.4789
0.50510,4.8270,2.4984
0.51840,4.8377,2.4659
0.56160,4.8485,2.4724
0.51610,4.8377,2.4724
0.54230,4.8377,2.4789
-0.36020,4.7298,2.5440
0.57400,4.8162,2.5049
0.39080,4.7946,2.5115
0.52290,4.6974,2.6286
0.56770,4.8485,2.4659
0.50280,4.8270,2.4984
0.57580,4.8485,2.4594
-0.00000,6.4899,2.6090
0.60490,4.7946,2.4464
0.52670,4.7946,2.4789
0.55180,4.8054,2.4789
0.58410,4.7946,2.4594
0.63120,4.7946,2.4594
0.53830,4.8054,2.4854
0.58920,4.8054,2.4594
0.57780,4.7946,2.4659
0.59010,4.8162,2.4659
0.55910,4.8270,2.4724
0.56860,4.8054,2.4594
0.55520,4.7838,2.4659
0.57750,4.8054,2.4594
0.49970,4.7946,2.4984
0.45880,4.7946,2.4854
0.54200,4.8054,2.4789
0.59440,4.8054,2.4529
0.58800,4.8054,2.4594
0.51390,4.7946,2.4854
0.57940,4.8162,2.4659
0.63950,4.7082,2.5375
0.59490,4.8054,2.4594
0.57110,4.8162,2.4659
0.59930,4.8054,2.4594
0.57150,4.8054,2.4594
0.56120,4.8162,2.4789
0.58000,4.8162,2.4659
0.50320,4.8162,2.4529
0.54560,4.8162,2.4789
-0.00000,4.8054,2.4789
0.55310,4.7946,2.4724
0.40300,4.6110,2.6481
0.60620,4.8162,2.4854
0.56060,4.8270,2.4789
0.58020,4.7946,2.4594
0.58780,4.8054,2.4659
0.59740,4.7946,2.4529
0.49260,4.7946,2.4984
0.88480,4.7514,2.4789
0.56580,4.8162,2.4724
0.55810,4.8054,2.4659
0.56880,4.8270,2.4724
0.58170,4.7946,2.4594
0.56890,4.8054,2.4724
0.59350,4.7946,2.4594
0.56830,4.8054,2.4724
0.53920,4.8162,2.4789
0.57810,4.8162,2.4659
0.34270,4.7838,2.4984
0.89870,4.7190,2.5570
0.56500,4.8162,2.4724
0.14010,4.7622,2.5505
0.48980,4.8485,2.5115
0.65950,4.7946,2.4464
0.63570,4.6326,2.5505
0.48760,4.7946,2.5049
0.57950,4.8054,2.4659
0.59320,4.8054,2.4594
0.61530,4.8054,2.4789
0.56280,4.8054,2.4724
0.59870,4.7946,2.4529
0.56310,4.8054,2.4724
0.53990,4.8054,2.4724
0.49280,4.7946,2.5049
0.57390,4.8054,2.4659
0.58870,4.8054,2.4594
0.54170,4.8054,2.4984
0.55600,4.7838,2.4984
0.51080,4.8162,2.4919
0.47680,4.8054,2.5115
0.54800,4.7946,2.4789
0.69270,4.6326,2.6090
0.55610,4.8162,2.4789
0.54310,4.8054,2.4789
0.53630,4.7946,2.4724
0.56570,4.7946,2.4724
0.54330,4.7946,2.4789
-0.09810,4.7298,2.5375
0.56530,4.7946,2.4594
0.54980,4.8054,2.4789
0.55410,4.7946,2.4724
0.56540,4.8054,2.4724
0.59000,4.7946,2.4789
0.56150,4.8054,2.4724
0.53640,4.7946,2.4789
0.58250,4.8054,2.4659
0.68370,4.6866,2.5375
0.56540,4.8054,2.4724
0.62850,4.7946,2.4659
0.55440,4.8054,2.4724
0.67900,4.8054,2.4464
0.56870,4.8054,2.4724
0.30140,4.6866,2.5960
-0.00000,4.7946,2.4984
-0.00000,4.8162,2.4659
0.55940,4.8054,2.4724
0.51350,4.7946,2.4919
0.51270,4.8054,2.4919
0.58350,4.7946,2.4594
0.56730,4.8054,2.4724
0.54490,4.7946,2.4919
0.55950,4.7946,2.4659
0.57420,4.8162,2.4659
0.45830,4.8054,2.4789
0.55120,4.8162,2.4724
0.54320,4.8054,2.4724
0.56180,4.8054,2.4724
0.58350,4.7730,2.4854
0.78160,4.7730,2.4854
0.54350,4.8162,2.4789
0.50770,4.7946,2.4659
0.47400,4.7838,2.5115
0.56390,4.8270,2.4724
0.56050,4.8162,2.4789
0.58270,4.8054,2.4659
0.58160,4.7946,2.4594
0.56200,4.7946,2.4724
0.51220,4.7946,2.4919
0.53700,4.6974,2.5895
0.53670,4.8054,2.4789
0.57070,4.8054,2.4724
0.66300,4.7946,2.4399
0.54940,4.8162,2.4789
0.54560,4.8054,2.4789
0.55020,4.8162,2.4789
0.53780,4.7946,2.4919
0.54900,4.8270,2.4854
0.55640,4.8162,2.4724
0.38450,4.7838,2.4789
0.55380,4.8162,2.4854
0.49800,4.8162,2.4594
0.52540,4.8054,2.4919
0.55400,4.8054,2.4789
0.57460,4.8054,2.4659
0.59250,4.8162,2.4594
0.54660,4.8054,2.4789
0.61710,4.7514,2.4594
0.57780,4.8162,2.4659
0.56420,4.8054,2.4659
0.55900,4.8054,2.4724
0.58290,4.8054,2.4659
0.58820,4.7946,2.4789
0.56900,4.8162,2.4724
0.64750,4.7838,2.4854
0.54350,4.8054,2.4789
0.55720,4.8162,2.4789
0.62370,4.7946,2.4529
-0.55170,4.6326,2.5570
0.52720,4.8054,2.4919
0.49180,4.8054,2.4789
0.57340,4.8162,2.4594
0.56920,4.8162,2.4724
0.42810,4.8162,2.4854
0.52450,4.8270,2.4854
0.52320,4.8162,2.4854
-0.00000,4.8162,2.4724
0.57290,4.8162,2.4659
0.58820,4.8377,2.4594
0.51890,4.8162,2.4919
0.55480,4.8162,2.4724
0.54200,4.8054,2.4789
0.59480,4.8377,2.4659
0.50240,4.8054,2.4854
0.52900,4.8270,2.4854
0.33520,4.7514,2.5700
0.54820,4.8377,2.4789
0.53340,4.8162,2.4854
0.53290,4.8270,2.4854
0.02800,4.7298,2.6025
0.05590,4.7622,2.5245
0.49330,4.8377,2.4789
0.51480,4.8162,2.4919
0.17510,4.7406,2.5180
0.56630,4.8377,2.4724
0.51120,4.8377,2.4919
0.93100,4.8162,2.4789
0.53080,4.8485,2.4854
0.60450,4.7838,2.4529
0.73340,4.7838,2.4724
0.59420,4.7838,2.4594
0.44890,4.8162,2.4724
0.52690,4.8162,2.4724
0.59780,4.8485,2.4594
0.59050,4.8593,2.4659
-0.31240,4.7298,2.5700
0.66600,4.6110,2.5895
0.57350,4.8485,2.4659
-0.00000,4.8270,2.4594
-0.00000,4.8270,2.4854
0.59290,4.8377,2.4659
0.49350,4.8162,2.4984
0.61680,4.8054,2.4464
0.53590,4.8377,2.4854
0.60450,4.8270,2.4529
0.40560,4.7730,2.4659
0.56090,4.8377,2.4789
0.72980,4.7946,2.4854
0.54080,4.8270,2.4724
0.40440,4.8377,2.4789
0.56800,4.8485,2.4724
0.53080,4.8701,2.4854
0.49650,4.8377,2.5115
0.60620,4.8485,2.4529
0.68600,4.6002,2.6221
0.51090,4.8485,2.4854
0.55500,4.8377,2.4724
0.68200,4.8162,2.4919
0.56840,4.8485,2.4594
0.58580,4.8593,2.4594
0.50080,4.8270,2.4984
0.63100,4.7946,2.4529
0.53270,4.8485,2.4919
0.54800,4.8162,2.4529
0.57090,4.8593,2.4659
0.48240,4.7190,2.5830
0.57630,4.8162,2.4789
0.54930,4.8270,2.4724
0.54240,4.8162,2.4724
0.53450,4.8270,2.5180
0.52730,4.8377,2.4854
0.54270,4.8270,2.4789
0.05930,5.6260,2.7001
0.35650,5.3885,2.6741
0.26250,5.1941,2.6025
0.56340,4.7946,2.4594
0.58530,4.7946,2.4594
0.54750,4.7946,2.4724
0.51030,4.7622,2.4984
0.56940,4.8162,2.4659
0.57440,4.8377,2.4789
0.56350,4.8485,2.4724
0.52730,4.8270,2.4854
0.53970,4.8593,2.4789
0.41670,4.8162,2.4919
0.61080,4.8377,2.4529
0.52730,4.8270,2.4984
0.45300,4.8270,2.4659
0.53610,4.8054,2.4984
0.50270,4.8917,2.5049
0.54000,4.8377,2.4789
0.67480,4.7514,2.4789
0.55030,4.8917,2.4789
0.67210,4.6974,2.5570
0.59850,4.8270,2.4529
0.54210,4.8162,2.4854
0.54120,4.8270,2.4789
0.11940,4.7622,2.4919
0.53190,4.8377,2.4854
0.54350,4.8917,2.4854
0.55860,4.8377,2.4724
0.46590,4.7946,2.4984
0.61380,4.8162,2.4529
-0.00000,4.8054,2.4854
0.55190,4.8162,2.4724
0.65100,4.7946,2.4984
0.73880,4.7514,2.4919
0.52070,4.8162,2.4854
0.58940,4.8162,2.4594
0.52030,4.8162,2.4919
0.51940,4.8270,2.4789
0.56200,4.8162,2.4724
0.45630,4.8054,2.4724
0.53110,4.8593,2.4789
0.62020,4.8162,2.4464
0.57580,4.8270,2.4724
0.13530,4.7730,2.5245
0.55700,4.8270,2.4724
0.13760,4.7946,2.5180
0.55890,4.8377,2.4724
0.57470,4.8377,2.4659
0.58420,4.8377,2.4659
0.55720,4.8485,2.4724
0.57130,4.8377,2.4659
0.70160,4.7730,2.4529
0.55160,4.8162,2.4789
0.53160,4.8377,2.4854
0.36630,4.7406,2.5505
-0.03980,4.7406,2.4984
0.54360,4.8054,2.4789
0.54120,4.8162,2.4789
0.14230,4.6002,2.6546
0.32340,4.8054,2.4659
-0.00000,4.8054,2.4854
0.50390,4.8377,2.4919
0.55930,4.8162,2.4724
0.54310,4.8485,2.4789
0.52970,4.8162,2.4854
0.52920,4.8377,2.4854
0.30250,4.8809,2.5049
0.60980,4.8054,2.4464
0.55610,4.8162,2.4724
0.60200,4.7946,2.4854
0.46650,4.8162,2.4789
0.49500,4.8054,2.5049
0.58980,4.8593,2.4724
0.58590,4.8485,2.4659
0.56170,4.8485,2.4724
0.77630,4.7622,2.5245
0.48960,4.7946,2.5049
0.44720,4.8054,2.4789
0.70390,4.7730,2.4919
0.59390,4.7946,2.4594
-0.73550,4.6326,2.5635
0.58240,4.8162,2.4659
0.54420,4.8054,2.4724
0.65690,4.8162,2.4919
0.57850,4.8162,2.4659
0.58360,4.8270,2.4659
0.48570,4.8054,2.5049
0.52850,4.8162,2.4854
0.00040,4.6866,2.6090
0.56010,4.8377,2.4789
-0.00000,4.8377,2.4594
0.59180,4.8593,2.4594
0.53450,4.8809,2.4854
0.55230,4.8485,2.4789
0.58490,4.9133,2.4529
0.54120,4.8485,2.4724
0.54670,4.8485,2.4789
0.55060,4.8485,2.4789
0.61420,4.7622,2.4399
0.52270,4.8485,2.4919
0.54620,4.8270,2.4724
0.45480,4.7730,2.5570
0.48690,4.8270,2.5049
0.52830,4.7946,2.4984
0.61920,4.8054,2.4464
0.53380,4.8054,2.4789
0.53030,4.8162,2.4854
0.59320,4.8162,2.4594
0.57720,4.8162,2.4659
0.52500,4.8162,2.4854
0.52260,4.8162,2.4854
0.49130,4.8054,2.4724
0.40500,4.7298,2.5700
0.54910,4.6218,2.6025
0.53060,4.8054,2.4854
0.55840,4.8162,2.4724
-0.05300,4.7406,2.4984
0.61120,4.8054,2.4724
0.59560,4.8162,2.4529
0.54300,4.8162,2.4789
0.56620,4.8270,2.4724
0.57820,4.8162,2.4659
-0.00000,4.8054,2.4789
-0.00000,4.8054,2.4919
0.53570,4.8485,2.4789
0.52160,4.8485,2.4854
0.60510,4.8485,2.4464
0.57160,4.8485,2.4594
0.50670,4.8485,2.4919
0.52310,4.8377,2.4854
0.54530,4.8377,2.4919
0.51270,4.8377,2.4919
0.50390,4.8377,2.4984
0.85810,4.7298,2.5049
0.49330,4.8377,2.4659
0.50700,4.8162,2.4919
0.46100,4.8054,2.4659
0.50430,4.8162,2.4984
0.55640,4.8270,2.4724
0.62600,4.7946,2.5180
0.55910,4.8270,2.4724
0.56000,4.8270,2.4724
0.45610,4.8054,2.5115
0.55300,4.8162,2.4789
0.59530,4.8162,2.4594
0.45370,4.8054,2.5180
0.59260,4.8162,2.4594
0.52540,4.8162,2.4854
0.69920,4.8377,2.4529
0.52640,4.8485,2.4854
-0.08240,4.7622,2.5180
0.51150,4.8377,2.4984
0.54260,4.6974,2.6221
0.34600,4.7082,2.5700
0.55380,4.8593,2.4854
0.51450,4.8162,2.4854
0.64530,4.6974,2.5570
0.53460,4.8270,2.4854
0.53230,4.8162,2.4789
0.54320,4.8270,2.4789
0.48200,4.8270,2.4919
0.40770,4.8377,2.5049
0.56030,4.8162,2.4724
0.35940,4.7406,2.5895
0.60340,4.8162,2.4594
0.79290,4.6974,2.4854
0.55820,4.8162,2.4789
0.55800,4.8270,2.4724
0.42950,4.7946,2.5115
0.60510,4.8162,2.4529
0.69220,4.7730,2.4919
0.53910,4.8054,2.4919
0.60960,4.8054,2.4464
0.56780,4.7838,2.4984
0.49440,4.8162,2.4919
0.52990,4.8054,2.4789
0.50490,4.8054,2.4919
0.66470,4.7298,2.5180
0.64840,4.8162,2.4464
0.49900,4.8162,2.4984
0.58400,4.8162,2.4659
0.52870,4.8162,2.4854
0.50750,4.8054,2.4984
0.43080,4.7946,2.5310
-0.19050,4.6758,2.6090
0.49800,4.8270,2.4984
-0.00000,4.8377,2.4919
0.58700,4.8485,2.4659
0.61430,4.8270,2.4464
0.56120,4.8485,2.4724
0.53960,4.7946,2.5049
0.57350,4.8593,2.4724
0.52550,4.8593,2.4854
0.59330,4.7838,2.4399
0.48360,4.8377,2.4594
0.55010,4.8917,2.4789
0.54440,4.8701,2.4789
0.35090,4.7730,2.4984
0.57330,4.8701,2.4659
0.60160,4.8485,2.4529
0.52890,4.9133,2.4789
0.49330,4.8377,2.5049
-0.03920,4.7730,2.5245
0.51130,4.8377,2.4854
0.60920,4.7730,2.5115
0.59010,4.7946,2.4724
0.26960,4.7406,2.5049
0.57310,4.8162,2.4659
0.57390,4.8270,2.4594
0.65050,4.8377,2.4659
0.55910,4.8162,2.5049
0.55090,4.8162,2.4724
0.56600,4.8162,2.4659
0.56480,4.7946,2.4464
0.59700,4.8054,2.4984
0.54440,4.8162,2.4789
0.44330,4.7838,2.5245
0.46070,4.8054,2.5115
0.53190,4.8270,2.4854
-0.00000,4.7946,2.4984
-0.24920,4.7514,2.5505
0.54430,4.8162,2.4789
0.46140,4.7838,2.5115
0.49900,4.7946,2.4984
0.57200,4.8054,2.4659
0.56160,4.8270,2.4724
0.43390,4.7946,2.4724
0.58090,5.1401,2.4659
0.55090,4.8593,2.4789
0.10530,5.7556,2.7327
0.29950,5.9176,3.0775
0.18930,5.5073,2.6025
0.55280,4.7946,2.4724
0.55540,4.7946,2.4724
0.63240,4.7514,2.4919
0.52650,4.7946,2.4854
0.51850,4.8054,2.4789
0.56120,4.8054,2.4724
0.53350,4.7190,2.5635
0.52570,4.8054,2.4854
-0.48210,4.6218,2.5635
0.55080,4.7946,2.4724
0.63000,4.6326,2.6025
0.58590,4.7622,2.4464
0.57450,4.8054,2.4659
0.53890,4.7946,2.4789
0.53910,4.8054,2.4789
0.50750,4.7946,2.4984
0.56130,4.7946,2.4724
0.53630,4.8054,2.4854
0.60020,4.7946,2.4529
-0.00000,4.7946,2.4789
0.52410,4.7946,2.4854
0.60810,4.8054,2.4594
0.53230,4.7946,2.4789
0.51730,4.7946,2.4919
0.80530,4.6110,2.5700
0.56350,4.7946,2.4659
0.54240,4.7622,2.4854
0.42140,4.8054,2.4724
0.13600,5.4857,2.6611
0.65390,4.6758,2.5375
0.56080,4.7946,2.4789
0.55980,4.7946,2.4724
0.66560,4.7514,2.4789
0.55360,4.7946,2.4789
0.55180,4.8054,2.4659
0.53790,4.7946,2.4789
0.52660,4.7946,2.4854
0.56700,4.7946,2.4724
0.57130,4.7946,2.4724
0.55060,4.7946,2.4789
0.55580,4.8054,2.4724
0.44850,4.7622,2.5310
0.50660,4.8054,2.4984
0.52700,4.7946,2.4919
0.64860,4.8162,2.4594
0.51130,4.8270,2.4854
0.87300,4.7406,2.4984
0.52930,4.8054,2.4854
0.52250,4.8054,2.4789
0.58280,4.8054,2.4594
-0.00000,4.8377,2.4789
-0.00000,4.8270,2.4854
0.65070,4.7622,2.4724
0.56480,4.8377,2.4724
0.56080,4.8593,2.4789
0.55890,4.8377,2.4724
0.57430,4.8162,2.4594
0.51510,4.8377,2.4919
0.53300,4.8377,2.4854
0.36870,4.7946,2.5245
0.55590,4.8270,2.4789
0.57090,4.7838,2.4919
0.54530,4.8270,2.4789
0.55310,4.8162,2.4724
0.54090,4.8162,2.4789
0.60960,4.8270,2.4529
0.54080,4.8162,2.4789
0.61610,4.8054,2.4529
0.51000,4.8162,2.4854
0.47700,4.8054,2.5115
0.54710,4.8162,2.4724
0.54990,4.8162,2.4789
0.49390,4.8054,2.4854
-0.69620,4.6218,2.5505
0.30740,4.6650,2.5570
0.56400,4.8270,2.4789
0.55080,4.8270,2.4789
0.56100,4.8162,2.4724
0.59070,4.8162,2.4529
0.59380,4.8054,2.4464
0.48680,4.8054,2.5049
0.58110,4.8054,2.4659
0.60980,4.8054,2.4529
0.58850,4.8162,2.4659
0.52990,4.8270,2.4919
0.52400,4.8270,2.4919
0.55100,4.8162,2.4789
0.55120,4.8162,2.4789
0.60630,4.8162,2.4594
0.50680,4.8054,2.4984
0.57520,4.8162,2.4724
0.52610,4.7946,2.5180
0.49200,4.7946,2.4659
0.54950,4.8162,2.4724
0.58870,4.8162,2.4594
0.53160,4.8054,2.4854
0.54030,4.8054,2.4854
0.63170,4.7838,2.4854
0.56160,4.8162,2.4724
0.49450,4.8054,2.4984
0.53720,4.8162,2.4854
0.56130,4.8162,2.4724
0.98700,4.7514,2.4984
0.59620,4.8162,2.4594
0.55590,4.8593,2.4724
0.57930,4.8377,2.4594
0.19790,4.6758,2.6481
0.44840,4.8377,2.5245
0.49270,4.8162,2.4984
0.57300,4.8270,2.4659
0.54900,4.8270,2.4789
0.57390,4.8485,2.4659
0.55930,4.8377,2.4984
0.15070,4.6650,2.6481
0.48790,4.8162,2.5049
-0.00000,4.8377,2.4529
0.52880,4.8485,2.4854
0.54680,4.8270,2.4854
0.51470,4.8270,2.4919
0.50870,4.8270,2.4919
0.53840,4.8270,2.4789
0.53940,4.8162,2.4789
0.53140,4.8162,2.4854
0.53060,4.8162,2.4854
0.57850,4.8162,2.4594
0.48030,4.7838,2.5115
0.57540,4.8162,2.4659
0.47940,4.8054,2.5049
0.41610,4.8162,2.4789
0.52250,4.8162,2.4854
0.55500,4.8162,2.4724
0.53570,4.8162,2.4594
0.46680,4.7946,2.4984
0.47950,4.8054,2.5049
0.53890,4.8377,2.4724
0.55990,4.8270,2.4724
0.55540,4.8377,2.4724
0.59590,4.8162,2.4529
0.51770,4.8485,2.4919
0.43290,4.8270,2.4984
-0.15230,4.7406,2.5310
0.52220,4.8701,2.4919
0.56200,4.8054,2.4659
0.59480,4.8054,2.4594
-0.26110,4.6434,2.6351
0.53830,4.8162,2.4854
-0.00000,4.8054,2.4854
0.46240,4.7838,2.5180
0.54470,4.8054,2.4789
0.51560,4.8054,2.4919
0.56010,4.8162,2.4789
0.50070,4.7946,2.5049
0.52650,4.8054,2.4854
0.53490,4.7946,2.4789
0.56390,4.7946,2.4724
0.51630,4.7838,2.4984
0.53410,4.8162,2.4789
0.51180,4.8162,2.4919
0.56040,4.7946,2.4724
0.53600,4.8054,2.4854
0.00770,5.9716,2.7392
0.26740,7.1702,2.5895
0.29460,6.1120,2.6741
0.56390,7.1270,2.5960
0.54860,4.8054,2.4724
0.55860,4.8054,2.4724
0.51130,4.7946,2.4854
0.59750,4.7946,2.4594
0.56470,4.8162,2.4724
0.13400,4.7298,2.5635
0.60020,4.7514,2.4399
0.55090,4.7946,2.4724
0.30200,4.7946,2.4919
0.50070,4.7190,2.5310
0.55640,4.8054,2.4789
0.55190,4.8054,2.4724
0.56300,4.8054,2.4659
0.51850,4.7946,2.4919
-0.00000,4.7838,2.4789
-0.00000,4.7946,2.4919
0.55220,4.8054,2.4594
0.61210,4.8054,2.4594
0.42960,4.7838,2.4984
0.50600,4.7946,2.4919
0.60300,4.7946,2.4464
0.52640,4.7946,2.4854
0.56210,4.8054,2.4724
0.46550,4.7838,2.5115
0.49460,4.7946,2.4984
0.64590,4.7406,2.4984
0.55910,4.7946,2.4724
0.54810,4.8054,2.4789
0.45780,4.7730,2.4659
0.54440,4.8054,2.4789
0.17710,4.7730,2.4919
0.56320,4.8162,2.4724
0.50550,4.7946,2.4919
0.54770,4.7730,2.4529
0.59790,4.8054,2.4594
0.58240,4.8054,2.4659
0.51060,4.7730,2.5049
0.66060,4.6974,2.5180
0.57750,4.8054,2.4594
0.60370,4.7946,2.4594
0.57620,4.7406,2.4724
-0.12250,4.7298,2.5115
0.61460,4.7838,2.4854
0.66930,4.8054,2.4529
0.56890,4.8054,2.4724
0.68840,4.6110,2.5830
-0.00000,4.7946,2.5115
-0.00000,4.8162,2.4789
0.53180,4.7946,2.4984
0.56460,4.8054,2.4724
0.56950,4.8054,2.4789
0.58130,4.8054,2.4659
0.59110,4.7946,2.4594
0.59220,4.7946,2.4659
0.54500,4.7946,2.4789
0.44430,4.7946,2.4659
0.52330,4.8054,2.4854
0.60160,4.7946,2.4789
0.56640,4.8054,2.4724
0.56340,4.8054,2.4724
0.46570,4.7946,2.4919
0.53140,4.7946,2.4919
0.66160,4.6974,2.5115
0.56260,4.8054,2.4724
0.56410,4.8054,2.4724
0.74780,4.7190,2.4854
0.58670,4.8162,2.4594
0.56430,4.8054,2.4724
0.54180,4.8162,2.4789
0.61290,4.7838,2.4529
0.56770,4.8054,2.4659
0.57040,4.7946,2.4724
0.64870,4.7406,2.5115
0.53840,4.7946,2.4854
0.13590,4.7730,2.5049
0.56390,4.8054,2.4724
0.55750,4.8054,2.4789
0.56370,4.8162,2.4724
0.56110,4.7946,2.4724
0.58050,4.7946,2.4594
0.69890,4.5462,2.6156
0.57310,4.8054,2.4659
0.56090,4.8054,2.4724
0.56580,4.7946,2.4724
0.54950,4.8054,2.4724
0.76090,4.7406,2.5180
0.57780,4.8054,2.4659
0.50340,4.7946,2.4854
0.58820,4.8054,2.4724
0.51120,4.8701,2.4984
0.55900,4.8054,2.4724
0.56890,4.8054,2.4724
0.52090,4.7730,2.4854
0.59280,4.7946,2.4659
0.54690,4.8054,2.4789
0.40700,4.7514,2.4984
0.56450,4.8054,2.4724
0.57950,4.8054,2.4659
0.53720,4.7946,2.4854
0.39500,4.7622,2.4984
0.55840,4.7946,2.4789
0.75490,4.7514,2.4854
0.56690,4.8162,2.4724
0.53670,4.8162,2.4789
0.66210,4.6434,2.5830
0.52850,4.7946,2.4854
0.01130,4.7406,2.5440
-0.10430,4.7190,2.5765
0.42020,4.6758,2.5960
0.56990,4.8054,2.4659
0.56350,4.8054,2.4724
-0.00000,4.7946,2.4464
0.53970,4.7838,2.4984
0.53970,4.7838,2.4789
0.54960,4.8054,2.4724
0.65450,4.7838,2.4919
0.58700,4.8054,2.4659
0.56150,4.8054,2.4789
0.58030,4.8054,2.4789
0.48620,4.7838,2.5049
0.51380,4.7946,2.4919
0.51320,4.7946,2.4919
0.57830,4.8162,2.4659
0.49740,4.7946,2.4984
0.55470,4.8054,2.4724
0.64540,4.6650,2.5700
0.57820,4.8054,2.4659
0.56040,4.7946,2.4724
0.66660,4.6218,2.5700
0.72720,4.7406,2.4724
0.72620,4.6974,2.4594
0.47350,4.7838,2.5115
0.55520,4.7946,2.4789
0.55670,4.8162,2.4724
0.54980,4.8054,2.4724
0.81860,4.6866,2.4529
0.57090,4.8054,2.4724
0.92550,4.7406,2.5245
0.51880,4.7946,2.4919
0.64160,4.8162,2.4724
0.55920,4.7946,2.4724
0.54850,4.8162,2.4789
0.61200,4.7946,2.4529
0.56060,4.8162,2.4724
0.56100,4.8162,2.4724
0.54170,4.8054,2.4854
0.56040,4.8054,2.4724
0.58710,4.8162,2.4659
0.52510,4.8162,2.4919
0.57660,4.7946,2.4659
0.59010,4.8162,2.4659
0.57990,4.8054,2.4594
0.54190,4.8054,2.4789
0.67350,4.7082,2.5310
0.52870,4.8054,2.4854
0.56880,4.7730,2.4919
0.58130,4.7946,2.4724
0.55990,4.8054,2.4724
0.51290,4.7946,2.4854
0.51770,4.7946,2.4854
0.51740,4.7946,2.4919
0.53160,4.7946,2.4854
0.53190,4.7946,2.4854
0.58410,4.8054,2.4659
0.59750,4.8054,2.4529
0.60980,4.7946,2.4464
0.54170,4.8054,2.4854
0.54870,4.8054,2.4659
0.60090,4.8054,2.4594
0.53410,4.8054,2.4919
0.53530,4.7946,2.4789
0.52690,4.8162,2.4789
0.58290,4.7514,2.4529
0.32560,4.7838,2.5180
-0.00000,4.8054,2.4854
0.45700,4.7298,2.5245
0.55750,4.8054,2.4789
0.48560,4.8809,2.4984
0.53640,4.8054,2.4854
0.54080,4.7946,2.4854
0.54540,4.8054,2.4724
0.50410,4.8162,2.4854
0.58560,4.8162,2.4594
0.52380,4.7946,2.4854
0.57290,4.8054,2.4659
0.53610,4.8162,2.4789
0.55690,4.8054,2.4724
0.59220,4.7514,2.5115
0.53290,4.7946,2.4789
0.56360,4.8054,2.4724
0.58320,4.7946,2.4529
0.57330,4.8054,2.4659
0.51440,4.8054,2.4919
0.51490,4.7946,2.4919
0.53550,4.8054,2.4789
0.51310,4.8054,2.4724
0.53170,4.8054,2.4854
0.61080,4.7946,2.4529
0.58080,4.7946,2.4594
0.50700,4.6542,2.6090
0.44080,4.7838,2.4594
0.56100,4.8054,2.4724
0.59970,4.7946,2.4529
-0.00000,4.7946,2.4724
-0.00000,4.7946,2.4594
0.54790,4.7406,2.5375
0.57520,4.8054,2.4659
0.58000,4.8054,2.4659
0.54540,4.8162,2.4789
0.54980,4.8054,2.4789
0.55400,4.8054,2.4724
0.57050,4.8054,2.4659
0.56500,4.8162,2.4789
0.61080,4.7406,2.5180
0.55100,4.8162,2.4724
0.55060,4.8054,2.4789
0.54700,4.8162,2.4724
0.58770,4.8270,2.4594
0.59910,4.8054,2.4594
0.13450,4.7838,2.5115
0.58120,4.8162,2.4659
0.49900,4.7946,2.4984
0.59170,4.8054,2.4594
0.58160,4.7622,2.4659
0.56160,4.7838,2.4919
0.57680,4.8054,2.4659
0.51100,4.7946,2.4919
0.51290,4.7946,2.4984
0.56790,4.7946,2.4724
0.54310,4.8054,2.4789
-0.14270,4.7298,2.5310
0.42360,4.7838,2.4724
0.50130,4.7946,2.5049
0.50050,4.7946,2.4984
0.54360,4.8162,2.4854
0.53880,4.8054,2.4789
0.53910,4.8162,2.4854
0.54630,4.8054,2.4789
0.32940,4.7838,2.4854
0.54220,4.8054,2.4789
0.48300,4.7946,2.5049
0.52200,4.7946,2.4724
0.59740,4.8054,2.4594
0.54250,4.8162,2.4789
0.56610,4.8162,2.4789
0.56560,4.8054,2.4594
0.58530,4.8270,2.4659
0.49430,4.7838,2.5049
0.56770,4.7946,2.4594
0.34170,4.7838,2.4789
0.58800,4.8054,2.4659
0.53120,4.7730,2.4919
0.48300,4.7406,2.4789
0.48920,4.7946,2.5049
0.59340,4.8054,2.4594
0.57170,4.8054,2.4659
0.69300,4.6866,2.4594
0.52840,4.7946,2.4854
0.55750,4.8054,2.4724
0.86480,4.7514,2.4789
0.65000,4.7190,2.5310
0.54340,4.8054,2.4789
0.56310,4.8054,2.4724
0.56570,4.7838,2.4334
0.49510,4.6650,2.6090
0.14350,4.7730,2.5440
0.52210,4.8054,2.4854
-0.00000,4.7838,2.4919
0.55130,4.8054,2.4789
0.60160,4.7838,2.4789
0.54540,4.8054,2.4789
0.53420,4.8162,2.4789
0.61530,4.8054,2.4529
0.57950,4.8162,2.4659
0.54630,4.8054,2.4724
0.54600,4.8054,2.4789
0.53490,4.8054,2.4789
0.56840,4.8162,2.4659
0.52980,4.8162,2.4789
0.60200,4.8054,2.4529
0.56890,4.8054,2.4789
0.59000,4.8054,2.4529
0.71100,4.7946,2.4659
0.54050,4.8162,2.4789
0.56280,4.7730,2.4919
0.56550,4.8054,2.4724
0.56160,4.8270,2.4724
0.53990,4.8162,2.4789
0.54850,4.8054,2.4789
0.67740,4.7946,2.4724
0.60800,4.7514,2.4464
0.55990,4.8162,2.4724
0.51460,4.8054,2.4919
0.33170,4.7946,2.4854
0.35050,4.7946,2.4919
0.39840,4.7838,2.4789
0.55820,4.8054,2.4724
0.51310,4.8054,2.4919
0.35970,4.7514,2.5440
0.53760,4.7946,2.4789
0.56400,4.8054,2.4724
0.83510,4.7622,2.4854
0.50050,4.7946,2.4984
0.57250,4.7946,2.4529
0.57870,4.8054,2.4659
0.76190,4.7730,2.4854
0.55820,4.8054,2.4724
0.55460,4.8054,2.4789
0.52200,4.7946,2.4854
0.53090,4.8054,2.4854
0.82100,4.6758,2.4529
0.56230,4.8054,2.4724
0.58300,4.7946,2.4659
0.53540,4.7946,2.4789
0.71230,4.7730,2.4919
0.54480,4.7946,2.4789
0.58090,4.7946,2.4659
0.10550,4.7406,2.5245
0.47400,4.7838,2.4594
0.51350,4.6866,2.5375
0.61430,4.7946,2.4529
0.58770,4.8054,2.4594
1.05080,4.7622,2.4529
0.56760,4.8162,2.4724
0.55730,4.8054,2.4789
0.51370,4.7946,2.4919
0.32490,4.7730,2.4919
0.56680,4.8054,2.4659
0.51510,4.6758,2.5830
0.51380,4.7838,2.4854
0.50310,4.7946,2.4984
0.50150,4.7946,2.4984
0.49020,4.7838,2.4984
0.49470,4.8054,2.4659
0.51260,4.7946,2.4919
0.63320,4.7838,2.4984
0.56230,4.7946,2.4724
0.57550,4.7946,2.4594
0.58870,4.8054,2.4594
0.52300,4.7946,2.4789
0.57070,4.8054,2.4659
0.53350,4.7946,2.4854
0.31950,4.7730,2.4919
0.51380,4.8054,2.4919
0.51250,4.7946,2.4919
0.49750,4.7946,2.4984
0.62870,4.7406,2.5049
0.65390,4.7622,2.4854
0.56290,4.8054,2.4724
0.55410,4.8054,2.4724
0.26740,4.7298,2.5635
0.65450,4.7406,2.4399
0.57360,4.8054,2.4659
0.56020,4.8054,2.4724
0.40320,4.7298,2.5635
0.69500,4.5570,2.6221
0.58330,4.8162,2.4659
0.54560,4.8162,2.4854
0.56350,4.8054,2.4724
0.50760,4.7946,2.4984
0.55960,4.8054,2.4724
0.30840,4.8054,2.4984
0.56450,4.7946,2.4789
0.52190,4.7946,2.4984
0.50730,4.8162,2.4984
0.50710,4.7946,2.4984
-0.65270,4.6542,2.5960
0.51290,4.8054,2.4919
0.56410,4.8054,2.4724
0.56530,4.8054,2.4724
0.61810,4.7838,2.4724
0.56940,4.7946,2.4659
0.57710,4.8054,2.4659
0.50190,4.8054,2.4919
0.57670,4.7946,2.4789
0.55710,4.8054,2.4724
0.60050,4.8054,2.4594
0.54850,4.8054,2.4789
0.54480,4.8054,2.4789
0.40310,4.7838,2.4659
0.64350,4.6434,2.5700
0.52670,4.7946,2.4854
0.52480,4.7946,2.4789
0.50710,4.7946,2.4919
0.46880,4.7838,2.4659
0.63050,4.7838,2.4724
0.55950,4.8054,2.4789
-0.04040,4.7190,2.5049
0.57240,4.8054,2.4659
0.09040,4.9565,2.7131
0.53420,4.7946,2.4854
0.17980,4.7406,2.5310
0.52180,4.8054,2.4919
0.53520,4.8054,2.4789
0.01170,4.7406,2.5375
0.54810,4.7946,2.4724
0.60310,4.7946,2.4529
0.51870,4.7946,2.4724
0.08760,4.7730,2.5440
0.56200,4.7946,2.4724
0.51130,4.7946,2.4919
0.56430,4.7946,2.4724
0.48540,4.7946,2.4984
0.61720,4.7946,2.4529
0.57530,4.8162,2.4659
0.53490,4.7946,2.4724
0.31510,4.7838,2.4724
0.63730,4.7622,2.4789
0.55720,4.7946,2.4789
0.55690,4.8054,2.4724
0.54470,4.8054,2.4789
0.57560,4.8054,2.4659
0.53770,4.7946,2.4789
0.64170,4.7730,2.4919
0.56350,4.7946,2.4724
0.75550,4.7838,2.4984
0.56310,4.7946,2.4724
0.54600,4.7946,2.4789
0.61270,4.7514,2.4464
0.51490,4.7946,2.4919
0.54150,4.7946,2.4789
0.58520,4.8054,2.4659
0.54060,4.7946,2.4789
0.53650,4.7946,2.4789
0.54380,4.8054,2.4789
0.59130,4.8054,2.4594
-0.00000,4.7730,2.4789
0.51280,4.7838,2.4919
0.43120,4.7622,2.5180
0.56790,4.7730,2.4854
0.56040,4.7946,2.4724
0.56610,4.7946,2.4659
0.58840,4.7946,2.4724
0.54130,4.7946,2.4789
0.60560,4.7946,2.4529
0.69310,4.7946,2.4659
0.55280,4.7946,2.4789
0.60750,4.8054,2.4529
0.55330,4.7946,2.4724
0.56560,4.8054,2.4724
0.50860,6.2416,2.4854
0.20480,6.0256,2.5895
0.22320,5.4641,2.6025
0.48840,4.7946,2.4854
0.45870,4.7622,2.4984
0.53460,4.7946,2.4789
0.57320,4.7946,2.4659
0.68030,4.7514,2.4659
0.56280,4.7946,2.4659
-0.46600,4.6542,2.5765
0.55960,4.7946,2.4724
0.50260,4.7946,2.4919
0.58530,4.7946,2.4594
0.56480,4.7946,2.4724
0.51140,4.7838,2.4984
0.51750,4.8054,2.4919
0.24440,4.7514,2.5180
0.65580,4.8054,2.4464
0.56490,4.7946,2.4724
-0.00000,4.7514,2.5049
0.51940,4.8054,2.4919
0.51390,4.7838,2.4919
0.53060,4.7946,2.4854
0.55930,4.7946,2.4724
0.55130,4.7946,2.4724
0.55540,4.8162,2.4789
0.57430,4.8054,2.4659
0.54100,4.8162,2.4789
0.55100,4.8054,2.4789
0.55840,4.7946,2.4659
0.57420,4.8054,2.4659
0.56280,4.7946,2.4789
0.65070,4.7838,2.4984
0.54160,4.7946,2.4789
0.54450,4.8054,2.4789
0.55240,4.8054,2.4789
0.52220,4.7946,2.4919
0.52200,4.8054,2.4854
0.49960,4.7946,2.4984
0.54690,4.7946,2.4789
0.53510,4.8054,2.4854
0.55750,4.8162,2.4724
0.51140,4.8054,2.4919
0.51490,4.7946,2.4854
0.42960,4.7946,2.4854
0.59850,4.7946,2.4594
0.59240,4.7946,2.4464
0.67060,4.7946,2.4399
0.53590,4.8054,2.4789
0.54030,4.8054,2.4789
0.54610,4.8054,2.4789
0.53680,4.8162,2.4854
-0.00000,4.7946,2.4789
0.62150,4.7730,2.4464
0.61500,4.7838,2.4464
0.57620,4.8162,2.4659
0.53250,4.8162,2.4854
0.57480,4.7946,2.4659
0.49210,4.7838,2.4984
0.51450,4.7946,2.4854
0.35440,4.7406,2.5505
0.58170,4.7946,2.4594
0.59290,4.8162,2.4594
0.66980,4.5786,2.6221
0.62990,4.7838,2.4724
0.58590,4.7946,2.4659
0.54820,4.7946,2.4789
0.51290,4.7946,2.4854
0.56090,4.7622,2.4854
0.59710,4.7946,2.4789
0.51430,4.7946,2.4919
0.48460,4.7946,2.5049
0.58570,4.7946,2.4594
0.53040,4.8162,2.4854
0.56760,4.7730,2.4594
0.52340,4.7946,2.4789
0.56330,4.7946,2.4724
0.47830,4.8162,2.4724
0.55160,4.7838,2.4789
0.51780,4.8054,2.4919
0.51700,4.7946,2.4919
0.55520,4.8054,2.4724
0.55360,4.7946,2.4919
0.57710,4.7946,2.4594
-0.00000,4.8054,2.4789
0.53130,4.8162,2.4854
0.56240,4.8162,2.4789
0.58320,4.7946,2.4659
0.51820,4.8054,2.4919
0.59370,4.7946,2.4594
0.56530,4.8054,2.4659
0.56140,4.7946,2.4594
0.54860,4.8054,2.4659
0.50940,4.7946,2.4919
0.53300,4.7946,2.4854
0.57170,4.7946,2.4594
0.56640,4.8054,2.4789
0.51060,4.7838,2.4919
0.50260,4.7838,2.5115
0.58030,4.7946,2.4659
0.65050,4.7514,2.5115
0.56030,4.8162,2.4789
0.45350,4.7838,2.4659
0.50680,4.7946,2.4594
0.49680,4.7838,2.4659
0.59060,4.7946,2.4529
0.57570,4.7622,2.4529
0.56980,4.8162,2.4659
0.55420,4.7946,2.4724
0.69460,4.7838,2.4919
0.11490,4.7190,2.5049
0.51830,4.7838,2.4919
-0.24140,4.6542,2.6221
0.48710,4.7946,2.5115
0.58950,4.8054,2.4594
-0.00000,4.8162,2.4789
-0.00000,4.7946,2.4789
0.53400,4.7838,2.4854
0.58470,4.7946,2.4594
0.53790,4.7946,2.4789
0.59260,4.7946,2.4594
0.55710,4.8162,2.4789
0.59000,4.8054,2.4594
0.14350,4.7406,2.5245
0.55660,4.8054,2.4789
0.54530,4.8054,2.4854
0.59080,4.8054,2.4594
0.55220,4.8162,2.4724
0.56980,4.8054,2.4724
0.76120,4.7730,2.4724
0.56380,4.8162,2.4724
0.61150,4.7946,2.4464
0.48180,4.7838,2.5115
0.55820,4.7946,2.4724
0.62020,4.7406,2.5180
0.49420,4.7298,2.5700
0.50770,4.7946,2.4984
0.50660,4.7946,2.4919
0.50760,4.7946,2.4984
0.50620,4.7946,2.4919
0.50600,4.7838,2.4919
0.06280,4.7406,2.5245
0.62530,4.7946,2.4464
0.48640,4.7946,2.4789
0.54960,4.8054,2.4789
0.55120,4.8054,2.4789
0.52740,4.8054,2.4854
-0.00000,4.7946,2.4594
-0.00000,4.7946,2.4919
0.26220,4.7730,2.5375
0.48920,4.7838,2.5049
0.70740,4.8270,2.4984
0.58740,4.8054,2.4659
0.54820,4.8162,2.4789
0.58270,4.7946,2.4594
0.56950,4.7946,2.4789
0.55230,4.8054,2.4789
0.49100,4.7730,2.5049
0.54130,4.7730,2.4529
0.55570,4.8054,2.4789
0.57510,4.8054,2.4659
0.58580,4.7838,2.4854
0.55070,4.7946,2.4789
0.55460,4.7730,2.5115
0.54900,4.8162,2.4789
0.52180,4.7946,2.4854
0.55870,4.8054,2.4724
-0.14710,4.7406,2.5505
0.56590,4.8162,2.4724
0.51420,4.8162,2.4919
0.51820,4.7946,2.4919
0.51720,4.7946,2.4919
0.51650,4.7946,2.4919
0.53440,4.8054,2.4854
0.53080,4.8054,2.4854
-0.04630,4.7298,2.5375
0.51140,4.7946,2.4919
-0.00000,4.7946,2.4854
0.56330,4.7946,2.4724
0.51640,4.8054,2.4919
0.52410,4.7838,2.4984
0.59320,4.8162,2.4659
0.53030,4.7946,2.4789
0.52100,4.8162,2.4854
0.60000,4.8162,2.4724
0.55370,4.8054,2.4724
0.55870,4.8054,2.4724
0.58520,4.8162,2.4659
0.55310,4.7946,2.4659
0.57590,4.8054,2.4659
0.54890,4.8054,2.4789
0.52960,4.7730,2.4854
0.58480,4.7946,2.4789
0.63240,4.7622,2.4789
0.55670,4.7946,2.4724
0.52510,4.7946,2.4854
0.59170,4.8054,2.4659
0.60440,4.7946,2.4529
0.23820,4.7622,2.5310
0.68760,4.7406,2.4789
0.57290,4.8054,2.4659
0.53450,4.7946,2.4854
0.57710,4.8162,2.4724
0.51070,4.7946,2.4594
0.08420,4.6542,2.6090
0.56330,4.8054,2.4724
0.55270,4.8054,2.4789
0.52320,4.7838,2.4984
-0.00000,4.7946,2.4724
0.29300,4.7622,2.4724
0.57240,4.7946,2.4659
0.58110,4.8054,2.4659
0.56050,4.7946,2.4724
0.54680,4.7838,2.4984
0.51280,4.7946,2.4919
0.56140,4.7946,2.4724
0.49660,4.7730,2.4594
0.56220,4.7946,2.4724
0.53340,4.8054,2.4854
-0.64790,4.6326,2.5700
0.41170,4.7838,2.5049
0.54830,4.8054,2.4789
0.61230,4.7946,2.4789
0.06310,4.7622,2.5245
0.56350,4.7946,2.4724
0.56410,4.8054,2.4789
0.61110,4.7946,2.4594
0.56930,4.8054,2.4724
0.51300,4.7838,2.4594
0.56290,4.8162,2.4724
0.55550,4.7946,2.4724
0.47820,4.7946,2.4659
0.56120,4.6650,2.5440
0.51770,4.8162,2.4919
0.54020,4.8054,2.4789
0.54000,4.7946,2.4854
0.55720,4.7946,2.4724
0.53110,4.8054,2.4854
0.55680,4.7082,2.5895
-0.00000,4.8054,2.4659
0.54810,4.8054,2.4789
0.56230,4.8054,2.4724
0.57900,4.8054,2.4659
0.47940,4.7946,2.4919
0.51200,4.7946,2.4919
0.60950,4.7946,2.4529
0.54810,4.7946,2.4789
0.54900,4.7946,2.4724
0.58670,4.8162,2.4659
0.59100,4.8054,2.4594
0.57540,4.8054,2.4659
0.53930,4.7946,2.4789
0.64420,4.7622,2.4724
0.55400,4.8054,2.4724
0.56060,4.8054,2.4724
0.63650,4.7730,2.4854
0.56530,4.7946,2.4724
0.45820,4.7838,2.4594
0.56400,4.7946,2.4659
0.55900,4.8054,2.4724
0.53360,4.7946,2.4854
0.53680,4.7730,2.4984
0.56180,4.8054,2.4724
0.52140,4.8054,2.4854
0.64900,4.5462,2.6286
0.56110,4.8162,2.4724
0.56460,4.8054,2.4724
-0.57020,4.6974,2.5245
0.50850,4.8270,2.4919
0.42180,4.8377,2.5049
-0.00000,4.8162,2.5049
0.53240,4.8270,2.4789
0.44590,4.7946,2.5115
0.54310,4.8270,2.4789
0.56060,4.8270,2.4724
0.55950,4.8162,2.4724
0.58180,4.8162,2.4594
0.53620,4.8054,2.4854
0.58980,4.8162,2.4594
0.54080,4.8377,2.4854
0.54080,4.8270,2.4854
0.50960,4.8054,2.4984
0.66490,4.7622,2.4854
0.56300,4.8162,2.4724
0.56330,4.8270,2.4724
0.51980,4.8162,2.4854
0.65340,4.7622,2.5180
0.57170,4.8270,2.4659
0.54480,4.8377,2.4854
0.58550,4.8270,2.4659
0.55340,4.8270,2.4724
0.54290,4.8270,2.4789
0.95650,4.7622,2.4724
0.55270,4.8162,2.4724
0.56610,4.8054,2.4854
0.53940,4.7406,2.4984
0.53260,4.8377,2.4854
0.72870,4.5678,2.6351
0.56650,4.8593,2.4724
0.53220,4.8377,2.4854
0.55570,4.7838,2.5180
0.57210,4.8162,2.4659
0.55690,4.8054,2.4724
0.50500,4.7730,2.5049
0.49560,4.8054,2.4984
0.51290,4.8162,2.4919
0.55200,4.8377,2.4789
0.13650,4.7730,2.5375
0.58310,4.8054,2.4594
-0.20530,4.7406,2.5440
0.48990,4.7946,2.5049
0.56850,4.7838,2.4854
0.54860,4.8270,2.4724
0.70510,4.7730,2.4724
0.55380,4.8270,2.4724
0.57240,4.8270,2.4659
0.50210,4.8054,2.5049
0.56280,4.8162,2.4724
0.59610,4.8054,2.4594
0.58410,4.7838,2.4919
0.53830,4.7946,2.4854
0.53000,4.8054,2.4854
0.52470,4.8162,2.4854
0.60720,4.7946,2.4529
0.51560,4.7946,2.4919
0.05790,5.9608,2.7392
0.59560,4.8593,2.5245
0.60800,4.7838,2.4789
-0.15680,4.5462,2.6286
0.54780,4.7946,2.4789
0.50170,4.6866,2.5635
0.02180,4.6974,2.5700
0.60490,4.7946,2.4529
-0.00000,4.7946,2.4659
0.55560,4.7946,2.4789
0.51520,4.7946,2.4854
0.66800,4.7514,2.4789
0.52800,4.7946,2.4854
0.58270,4.7946,2.4659
0.63920,4.7730,2.4919
0.50340,4.7946,2.4919
0.51380,4.7946,2.4854
0.56230,4.7946,2.4724
0.59960,4.7946,2.4464
0.54150,4.7946,2.4724
0.51160,4.8701,2.4854
0.53440,4.8054,2.4854
0.57340,4.7946,2.4659
0.52580,4.7946,2.4854
0.54350,4.7622,2.4529
0.59380,4.8054,2.4594
0.60230,4.8054,2.4594
0.52490,4.9781,2.4854
-0.63070,4.6326,2.5635
0.07700,4.7406,2.5505
0.57290,4.8162,2.4724
0.56230,4.8270,2.4724
0.55030,4.8054,2.4789
0.52100,4.8054,2.4919
0.51780,4.8054,2.4854
0.51650,4.8270,2.4919
0.52330,4.8054,2.4854
0.55040,4.8377,2.4724
0.48000,4.8270,2.4854
-0.04000,4.7406,2.5310
0.55460,4.8162,2.4789
0.53550,4.8270,2.4919
0.58300,4.8162,2.4659
-0.55510,4.6434,2.5635
0.54260,4.8054,2.4789
0.52170,4.7838,2.4984
0.48060,4.7838,2.5115
0.56020,4.8162,2.4789
0.51670,4.8054,2.4919
0.49750,4.8162,2.4984
0.49380,4.8162,2.5049
0.66330,4.6758,2.5505
0.53590,4.8054,2.4724
0.58520,4.8377,2.4659
0.53400,4.8054,2.4854
0.43990,4.7946,2.4854
0.58600,4.8162,2.4594
0.54690,4.8054,2.4789
0.56580,4.8162,2.4724
0.56120,4.8162,2.4724
0.54320,4.8054,2.4789
0.55520,4.8162,2.4724
0.51110,4.8270,2.4919
0.52490,4.8054,2.4854
0.53770,4.8162,2.4789
0.58370,4.8162,2.4659
0.55060,4.8054,2.4724
0.56070,4.8054,2.4724
0.50210,4.8054,2.4919
0.52520,4.8162,2.4854
0.56680,4.8054,2.4724
0.78070,4.7514,2.5180
-0.00000,4.7946,2.4724
0.52710,4.7838,2.4854
0.51970,4.8054,2.4789
0.57570,4.8054,2.4724
0.50690,4.7946,2.4984
0.57360,4.8054,2.4659
0.56100,4.8054,2.4724
0.45850,4.7730,2.5310
0.54310,4.8162,2.4789
0.53510,4.8162,2.4854
0.54270,4.8054,2.4789
0.59950,4.8054,2.4594
0.54700,4.8162,2.4789
0.55200,4.8054,2.4854
0.47180,4.8809,2.5049
0.49560,4.7946,2.4984
0.49450,4.7946,2.5049
0.50770,4.8054,2.4984
0.55310,4.7946,2.4724
0.50240,4.7838,2.4594
0.56330,4.8162,2.4659
0.49490,4.8054,2.5115
0.54820,4.8054,2.4789
0.21480,4.6866,2.6090
0.51260,4.8054,2.4919
0.51310,4.8162,2.4919
0.81960,4.7190,2.5245
0.54790,4.7082,2.5765
0.50280,4.8162,2.5049
0.52470,4.8162,2.4854
0.57590,4.8162,2.4594
0.52590,4.8270,2.4854
0.49610,4.8162,2.4984
-0.00000,4.8270,2.4789
0.52520,4.8377,2.4854
0.55480,4.8162,2.4724
0.56090,4.8162,2.4724
0.55580,4.8054,2.4724
0.47600,4.7946,2.5115
0.53130,4.8270,2.4854
0.55050,4.8162,2.4789
0.54090,4.8270,2.4789
0.33340,4.7946,2.4984
0.57720,4.8162,2.4659
0.62290,4.7514,2.5049
0.55740,4.8270,2.4724
0.55670,4.8054,2.4724
0.53950,4.8054,2.4724
0.41550,4.7730,2.5115
0.60980,4.8054,2.4594
0.41360,4.7730,2.4659
0.59530,4.8054,2.4594
0.46330,4.7622,2.5310
0.42240,4.7946,2.4854
0.57750,4.8054,2.4724
0.53620,4.8054,2.4724
-0.40670,4.6434,2.5570
0.22390,4.5462,2.6351
0.51980,4.8162,2.4854
0.56030,4.8054,2.4724
0.53050,4.8162,2.4789
0.53640,4.8054,2.4724
0.55990,4.8270,2.4724
0.59510,4.9025,2.4984
-0.00000,4.8054,2.4659
-0.00000,4.8054,2.4594
0.95210,4.6758,2.4464
0.48650,4.7946,2.4919
0.58160,4.8054,2.4659
0.55510,4.8162,2.4789
0.54310,4.8270,2.4854
0.55440,4.8162,2.4724
0.54680,4.8054,2.4789
0.53430,4.7946,2.4789
0.57140,4.7946,2.4659
0.51470,4.7946,2.4854
0.61080,4.8054,2.4529
0.58100,4.7838,2.5049
0.56670,4.8054,2.4659
0.46750,4.7838,2.5180
0.52180,4.8162,2.4919
0.55420,4.8162,2.4789
0.55890,4.8162,2.4724
0.59040,4.8162,2.4594
0.57810,4.8377,2.4659
0.47270,4.8162,2.5115
0.57420,4.8270,2.4659
0.21320,4.7838,2.5440
0.56120,4.8162,2.4724
0.50860,4.8162,2.4984
0.49620,4.8054,2.4919
0.49990,4.8270,2.4659
0.15850,4.7946,2.4984
0.55350,4.8270,2.4789
0.58130,4.8270,2.4659
0.45770,4.8054,2.5115
0.54750,4.8270,2.4789
-0.00000,4.8162,2.4919
0.53950,4.8377,2.4789
0.53040,4.8162,2.4854
0.55670,4.8162,2.4724
0.56570,4.8270,2.4724
0.55320,4.8270,2.4724
0.54320,4.8270,2.4789
0.60210,4.8270,2.4724
0.57390,4.8162,2.4594
0.54470,4.8054,2.4789
0.43410,4.7838,2.4724
0.54540,4.8162,2.4789
0.58880,4.8054,2.4594
0.52100,4.8162,2.4984
0.56600,4.8162,2.4724
0.57860,4.8270,2.4659
0.63360,4.8270,2.4789
0.55490,4.8809,2.4724
0.58670,4.8485,2.4594
0.53160,4.8162,2.4854
0.55460,4.8162,2.4854
0.52340,4.8162,2.4854
0.56000,4.8162,2.4464
0.58010,4.8162,2.4659
0.54570,4.8054,2.4789
0.70170,4.5786,2.5895
0.54100,4.8054,2.4724
0.57800,4.8162,2.4659
-0.00000,4.8162,2.4594
0.56050,4.8162,2.4724
0.52250,4.8054,2.4854
0.58200,4.8162,2.4594
0.55200,4.8054,2.4724
0.54570,4.8162,2.4789
0.54350,4.8270,2.4854
0.56020,4.8270,2.4724
0.52100,4.8162,2.4919
0.58520,4.8270,2.4659
0.55780,4.8593,2.4724
0.48500,4.8162,2.5049
0.13590,4.7514,2.5115
0.55600,4.8162,2.4789
0.30800,4.7406,2.5765
0.56090,4.8054,2.4724
0.48910,4.7406,2.4529
0.52300,4.8054,2.4984
0.46340,4.8162,2.5049
0.56730,4.8270,2.4724
0.53620,4.8054,2.4724
0.40260,4.7730,2.4919
0.57660,4.8054,2.4594
0.55900,4.8054,2.4724
0.91490,4.7622,2.4724
0.53660,4.8054,2.4854
0.62720,4.7946,2.4919
0.58660,4.7730,2.4984
0.55840,4.8054,2.4724
0.58340,4.8054,2.4594
0.57540,4.8162,2.4659
0.55530,4.8485,2.4854
0.53200,4.7946,2.4724
0.64680,4.8054,2.4659
0.60460,4.7622,2.4984
0.59160,4.7946,2.4594
0.54860,4.8054,2.4789
0.61300,4.7406,2.4399
0.55280,4.8162,2.4724
0.54740,4.8162,2.4789
0.55150,4.8054,2.4789
0.55540,4.8162,2.4724
0.55670,4.8054,2.4919
0.56240,4.8162,2.4789
0.51580,4.7730,2.4984
0.49280,4.7946,2.4984
0.55100,4.8270,2.4789
-0.29780,4.7190,2.5440
0.52030,4.8162,2.4854
0.55050,4.8270,2.4789
0.45120,4.8162,2.4724
0.68640,4.7622,2.5049
0.53920,4.7946,2.4659
0.68670,4.8054,2.4854
0.65000,4.7082,2.5375
0.73140,4.7406,2.5505
0.53480,4.8270,2.4789
0.53540,4.8162,2.4724
0.57890,4.8270,2.4594
0.97740,4.7298,2.5310
0.51180,4.8162,2.4919
0.57060,4.7838,2.5115
0.67330,4.7946,2.4399
0.56450,4.8270,2.4724
-0.00000,4.7946,2.4854
0.50700,4.8377,2.4919
0.61710,4.7406,2.4399
0.50750,4.8270,2.4984
0.46310,4.8162,2.5049
0.60350,4.8377,2.4659
0.48600,4.8162,2.5049
0.55380,4.8377,2.4724
0.51590,4.8377,2.4854
0.56140,4.8377,2.4724
0.54320,4.8377,2.4789
0.50860,4.8270,2.4919
0.51800,4.8270,2.4919
0.49720,4.8377,2.4984
0.58150,4.8377,2.4594
0.69170,4.5894,2.6221
0.49970,4.8054,2.5049
0.55230,4.7946,2.4854
0.53580,4.8270,2.4789
0.53800,4.8593,2.4724
0.56210,4.8162,2.4659
0.53170,4.8162,2.4854
0.45210,4.7946,2.5049
0.61660,4.6758,2.5635
0.31150,4.6542,2.5570
0.65370,4.5462,2.6351
0.55840,4.8162,2.4724
0.53700,4.8054,2.4789
0.45680,4.8054,2.4724
0.53200,4.8054,2.4919
0.53850,4.7622,2.5310
0.48740,4.7946,2.4984
-0.00000,4.8054,2.4659
-0.00000,4.8162,2.4659
0.55870,4.8162,2.4789
0.54950,4.8054,2.4789
0.55470,4.7946,2.4789
0.54850,4.8162,2.4854
0.56910,4.8054,2.4724
0.58990,4.8270,2.4594
0.54840,4.8054,2.4789
0.57190,4.8162,2.4659
0.52360,4.8054,2.4854
0.57080,4.8054,2.4724
0.50310,4.8162,2.4724
0.50430,4.8054,2.4919
0.03590,4.7406,2.5245
0.60300,4.8054,2.4724
0.54340,4.7946,2.4789
0.53000,4.8054,2.4854
0.53680,4.8054,2.4789
0.56500,4.8054,2.4724
0.69200,4.7622,2.4659
0.49250,4.7838,2.4854
0.54570,4.8054,2.4789
0.52440,4.8054,2.4854
0.55190,4.8054,2.4724
0.12210,4.7622,2.4854
0.55710,4.8054,2.4724
0.57060,4.8054,2.4724
0.49120,4.8054,2.5049
0.54870,4.8162,2.4724
0.55820,4.8162,2.4724
0.60930,4.7946,2.4464
0.51290,4.8162,2.4919
-0.00000,4.8054,2.4529
0.39980,4.7622,2.5375
0.50690,4.8162,2.4919
0.50700,4.8054,2.4919
0.49600,4.7946,2.4984
0.51260,4.7946,2.4854
0.59730,4.8054,2.4529
0.56260,4.8162,2.4789
0.56620,4.8162,2.4724
0.51750,4.8162,2.4984
0.57390,4.8162,2.4659
0.55990,4.8162,2.4724
0.54930,4.8270,2.4789
0.53270,4.8054,2.4789
0.60160,4.8054,2.4529
0.56610,4.7946,2.5049
0.55850,4.8162,2.4724
0.07990,4.7730,2.5115
0.69020,4.7190,2.4594
0.91460,4.7838,2.4789
0.49290,4.7838,2.5180
0.51390,4.8162,2.4984
0.53940,4.8162,2.4789
0.63580,4.7946,2.4724
0.54530,4.8162,2.4789
0.55240,4.7082,2.5700
0.55200,4.8054,2.4724
0.55970,4.8054,2.4724
0.57490,4.8162,2.4659
0.56350,4.8162,2.4724
0.54280,4.8593,2.4919
-0.00000,4.8162,2.4789
0.55750,4.8054,2.4724
0.57340,4.8485,2.4594
0.54650,4.8270,2.4789
0.56470,4.8377,2.4659
0.56590,4.8270,2.4724
0.53080,4.8162,2.4724
0.55980,4.8270,2.4724
0.57930,4.8377,2.4659
0.55560,4.8054,2.4789
0.55790,4.8377,2.4724
0.63010,4.7622,2.5115
0.54840,4.8270,2.4724
0.56420,4.8270,2.4659
0.62920,4.7514,2.5180
0.49320,4.8054,2.4984
0.53620,4.8270,2.4659
0.55190,4.8270,2.4789
0.64470,4.7946,2.4529
0.54790,4.8162,2.4789
0.68350,4.8054,2.4919
0.53990,4.8054,2.4789
0.57380,4.8054,2.4659
0.55840,4.8270,2.4724
0.54040,4.7838,2.5245
0.54750,4.8270,2.4854
0.42250,5.0105,2.5310
0.64270,4.8054,2.4464
0.48210,4.8054,2.4594
0.60500,4.7838,2.4789
-0.00000,4.8485,2.4529
0.46510,4.8377,2.4724
0.48890,4.8162,2.5115
0.53260,4.8377,2.4789
0.48640,4.7946,2.4984
0.58630,4.8162,2.4594
0.56340,4.8377,2.4724
0.57450,4.8162,2.4659
0.58660,4.8377,2.4659
0.58770,4.8162,2.4594
0.57370,4.8162,2.4854
0.73880,4.7622,2.4789
0.56110,4.8270,2.4724
0.54720,4.8054,2.4789
0.53870,4.8054,2.4789
0.53000,4.7406,2.4464
0.58630,4.7838,2.4659
-0.00970,4.7298,2.5115
0.53180,4.8054,2.4854
0.53110,4.8054,2.4789
0.67850,4.7406,2.4854
0.55640,4.7946,2.4724
0.67340,4.8054,2.4659
0.56560,4.8054,2.4594
0.61200,4.7946,2.4529
0.56500,4.8162,2.4724
0.56120,4.8054,2.4724
0.54180,4.8054,2.4854
-0.18240,4.6650,2.5895
0.64460,4.7838,2.4984
0.52920,4.7946,2.4854
-0.00000,4.7946,2.4594
0.56060,4.8054,2.4724
0.55770,4.8054,2.4724
0.64090,4.8054,2.4659
0.52930,4.8054,2.4789
0.51180,4.7946,2.4854
0.49920,4.7946,2.4984
0.49840,4.7946,2.4984
0.53640,4.8054,2.4789
0.55640,4.8054,2.4724
0.60960,4.7946,2.4529
0.54070,4.8054,2.4789
0.52760,4.7946,2.4854
0.66280,4.7730,2.5115
0.39380,4.7838,2.4854
0.51400,4.8054,2.4919
0.66550,4.5570,2.6090
0.58210,4.7514,2.4529
0.53490,4.8162,2.4789
0.58430,4.8162,2.4594
0.51170,4.7946,2.4854
0.57810,4.8054,2.4659
0.67730,4.7946,2.4594
0.56800,4.8162,2.4724
0.82110,4.7622,2.4724
0.49620,4.6974,2.5310
0.53650,4.7946,2.4789
0.65340,4.8054,2.4659
0.57850,4.8054,2.4659
0.66890,4.6542,2.6090
0.43050,4.7946,2.4984
-0.00000,4.8054,2.4594
0.55970,4.8054,2.4724
-0.00000,4.8054,2.4659
0.51760,4.8162,2.4919
0.56210,4.8162,2.4659
0.57420,4.8054,2.4659
0.51980,4.8054,2.4789
0.60150,4.7946,2.4529
0.56710,4.8054,2.4659
0.57640,4.8270,2.4659
0.47370,4.8054,2.5049
0.35910,4.7838,2.5180
0.32800,4.7514,2.4724
0.55360,4.8054,2.4789
0.53480,4.7946,2.4854
0.56020,4.8162,2.4724
0.55960,4.8054,2.4724
0.55370,4.8054,2.4724
0.52500,4.8054,2.4854
0.51420,4.7946,2.4984
0.52880,4.7946,2.4789
-0.33340,4.6542,2.5765
0.51910,4.7946,2.4854
0.58320,4.8162,2.4594
0.58360,4.7730,2.4464
0.58150,4.8162,2.4659
0.56350,4.8054,2.4724
0.59290,4.8054,2.4529
0.57080,4.8162,2.4659
0.55540,4.8054,2.4724
-0.00000,4.8054,2.4789
0.52170,4.7946,2.4854
0.53430,4.7946,2.4854
0.52980,4.8162,2.4919
0.54350,4.7946,2.4854
0.60060,4.7946,2.4529
0.50880,4.7838,2.4854
0.54690,4.7946,2.4789
0.60460,4.8162,2.4594
0.50610,4.7946,2.4984
0.57420,4.8054,2.4659
0.62120,4.7946,2.4724
0.64530,4.7838,2.4919
0.53990,4.7946,2.4789
0.55980,4.8054,2.4724
0.51620,4.7946,2.4919
0.55360,4.8054,2.4724
0.58680,4.8054,2.4594
0.60040,4.7622,2.5115
0.54260,4.7946,2.4789
0.57290,4.8054,2.4659
0.55300,4.7946,2.4789
-0.43630,4.6218,2.5570
0.54770,4.8054,2.4789
-0.24530,4.7190,2.5570
0.54370,4.8054,2.4789
0.62590,4.7730,2.4594
0.53920,4.8162,2.4854
0.49190,4.8485,2.5049
0.52630,4.7946,2.4854
0.52920,4.8054,2.4594
0.49640,4.7838,2.4984
0.52950,4.7946,2.4854
0.52880,4.7946,2.4854
0.54590,4.7946,2.4724
0.51090,4.7946,2.4919
0.59520,4.8054,2.4529
0.59530,4.8054,2.4594
0.50040,4.7838,2.4724
0.61370,4.8054,2.4529
0.55120,4.7946,2.4789
0.53970,4.8054,2.4789
0.56040,4.8054,2.4789
0.58800,4.7946,2.4659
0.55760,4.8162,2.4724
0.58250,4.7730,2.4854
0.53400,4.7946,2.4789
0.60340,4.7946,2.4529
0.61150,4.7946,2.4529
0.54150,4.8162,2.4854
0.16080,4.7190,2.5180
0.58990,4.7946,2.4594
0.69130,4.7514,2.4659
0.53730,4.8054,2.4724
0.53980,4.7946,2.4789
0.64970,4.6542,2.5570
0.53960,4.8054,2.4789
0.55420,4.7838,2.4789
0.58180,4.7946,2.4594
-0.32220,4.7298,2.5635
0.63930,4.7838,2.4464
0.51250,4.7946,2.4919
0.51130,4.8054,2.4984
0.41600,4.7622,2.5310
-0.00000,4.5462,2.6156
-0.00000,4.8162,2.4659
0.56180,4.8054,2.4724
0.51190,4.8054,2.4919
-0.34460,6.2632,3.2987
0.34810,6.7491,2.5570
0.30310,5.6476,2.6090
0.50670,4.7838,2.4919
0.53470,4.7946,2.4724
0.54780,4.7946,2.4724
0.55920,4.7946,2.4724
0.57460,4.8054,2.4594
0.52390,4.7946,2.4854
0.52920,4.8054,2.4789
0.55640,4.7946,2.4724
0.54960,4.8054,2.4789
0.56620,4.8054,2.4659
0.74520,4.7622,2.5115
0.53820,4.7946,2.4789
0.53200,4.7946,2.4854
0.72810,4.7838,2.4854
0.57640,4.8593,2.4659
0.58600,4.8270,2.4594
0.60260,4.6542,2.5830
0.67980,4.6866,2.5635
0.32140,4.7946,2.4919
0.51920,4.7946,2.4854
0.37930,4.7622,2.5180
0.54790,4.8377,2.4789
0.60980,4.8054,2.4529
0.50950,4.7946,2.4919
0.54080,4.8054,2.4789
0.53720,4.7838,2.4854
0.52040,4.8917,2.4854
0.54790,4.8162,2.4789
0.57730,4.8054,2.4659
0.53720,4.7946,2.4789
0.56050,4.8162,2.4724
0.52800,4.8162,2.4724
0.58970,4.8054,2.4594
0.53300,4.8162,2.4789
0.52610,4.8270,2.4854
0.52470,4.8162,2.4854
0.54200,4.8162,2.4919
0.57210,4.7946,2.4854
0.58890,4.8162,2.4659
0.55970,4.8054,2.4724
0.81620,4.7622,2.4789
0.45720,4.7946,2.4854
0.54720,4.8054,2.4724
0.59100,4.7730,2.5049
0.54260,4.8162,2.4854
0.48060,4.8054,2.5049
0.65810,4.7730,2.4984
0.54420,4.8270,2.4789
0.55490,4.8162,2.4724
0.07190,4.7838,2.5310
-0.51610,4.6650,2.5700
0.50920,5.3021,2.4984
0.47570,4.9241,2.5115
0.64290,4.7946,2.5049
0.60110,4.8377,2.4789
0.54810,4.8485,2.4789
0.21650,4.8054,2.5245
0.51920,4.8270,2.4854
-0.00000,4.8593,2.4659
0.34320,4.8270,2.4789
0.54110,4.8270,2.4789
0.54950,4.8377,2.4724
0.56650,4.8162,2.4854
0.46980,4.8377,2.5049
0.49240,4.8162,2.4984
0.53990,4.8485,2.4854
0.50210,4.9457,2.4984
0.51380,4.8377,2.4919
0.50780,4.8377,2.4984
0.54090,4.8485,2.4594
0.57580,4.9025,2.4659
0.56580,4.8593,2.4724
0.44640,4.8485,2.5049
0.47250,4.8162,2.5115
0.48450,4.8162,2.5049
0.50270,4.8162,2.4984
0.55810,4.8377,2.4724
0.54290,4.8162,2.4919
0.54240,4.8270,2.4854
0.55580,4.8377,2.4724
0.52380,4.8377,2.4854
0.60670,4.8162,2.4464
0.50260,4.8162,2.4984
0.78400,4.7730,2.4724
0.57920,4.8162,2.4464
0.52950,4.8162,2.4854
0.54580,4.8162,2.4789
0.72070,4.7730,2.4919
0.56720,4.8162,2.4724
-0.00000,4.7946,2.5180
0.52640,4.9673,2.4789
0.52510,4.8270,2.4854
0.56170,4.8162,2.4724
0.54470,4.8270,2.4789
0.53180,4.8162,2.4854
0.53660,4.8162,2.4854
0.55100,4.8162,2.4724
0.49320,4.8162,2.4984
0.61090,4.8162,2.4529
0.59290,4.8162,2.4594
0.59440,4.8270,2.4594
0.40210,4.7946,2.5310
0.53980,4.8162,2.4789
0.50140,4.7946,2.4984
0.54560,4.7946,2.4789
0.35710,4.6326,2.6286
0.55710,4.8054,2.4789
0.08040,4.7082,2.5245
0.65800,4.6974,2.5375
0.53830,4.8162,2.4789
0.60920,4.7730,2.4464
0.55200,4.8162,2.4789
0.53470,4.8270,2.4854
0.53330,4.8162,2.4854
0.41740,4.9781,2.5115
0.57040,4.6974,2.5765
0.52850,4.8054,2.4854
-0.32820,4.6434,2.6416
0.49350,4.7946,2.4984
0.56230,4.8054,2.4724
0.58970,4.8054,2.4594
0.55990,4.7946,2.4724
0.56260,4.8054,2.4659
0.56130,4.8054,2.4724
0.54750,4.8054,2.4724
0.54260,4.7946,2.4789
0.55720,4.8270,2.4724
0.49730,4.7946,2.4984
0.57500,4.8270,2.4659
0.53180,4.7946,2.4854
0.48150,4.7946,2.4659
0.59480,4.8054,2.4594
0.69390,4.7406,2.5115
-0.06980,4.7406,2.5505
0.52270,4.7946,2.4919
0.52050,4.7946,2.4919
0.59990,4.7946,2.4529
0.55720,4.8054,2.4724
0.58260,4.7838,2.4724
1.27360,4.6866,2.4659
0.47010,4.7946,2.4594
0.57320,4.8162,2.4659
0.52170,4.7946,2.4854
0.57740,4.8054,2.4724
0.56430,4.8162,2.4724
0.56980,4.8162,2.4724
0.43830,4.7946,2.4919
0.56490,4.8162,2.4724
0.48410,4.7946,2.4984
0.57530,4.8162,2.4659
-0.00000,4.7946,2.5049
-0.00000,4.8162,2.4594
0.48780,4.7730,2.4594
0.55890,4.8054,2.4789
0.51590,4.8162,2.4919
0.53730,4.8054,2.4919
0.55290,4.8054,2.4724
0.53890,4.8054,2.4789
0.55040,4.8054,2.4724
0.53880,4.8162,2.4854
0.52990,4.7946,2.4854
0.54360,4.8054,2.4789
0.55040,4.7730,2.4919
0.15670,4.7730,2.5115
0.66150,4.6974,2.5375
-0.36830,4.7082,2.5635
0.51100,4.7946,2.4984
0.56080,4.8054,2.4724
0.53520,4.8054,2.4854
0.62520,4.6866,2.5310
-0.21500,4.7298,2.5700
0.45560,4.8809,2.5049
0.53380,4.7946,2.4789
-0.11430,4.6542,2.5830
0.56390,4.8162,2.4724
0.54360,4.8054,2.4789
0.51990,4.7946,2.4854
0.55810,4.7946,2.4724
0.56110,4.8162,2.4724
0.52540,4.8054,2.4854
0.54430,4.8054,2.4789
0.60440,4.7946,2.4529
-0.00000,4.8054,2.4724
0.58420,4.8054,2.4594
0.58860,4.8054,2.4594
0.57040,4.8162,2.4594
0.55960,4.8162,2.4724
0.55350,4.8162,2.4789
0.55640,4.8162,2.4724
0.45670,4.7838,2.5115
0.55610,4.8162,2.4789
-0.39440,4.7190,2.5765
0.64970,4.7622,2.5049
0.58370,4.8270,2.4594
0.56270,4.8270,2.4724
0.57510,4.8054,2.4659
0.55620,4.8162,2.4724
0.51460,4.8485,2.4919
0.50490,5.0861,2.5049
0.59440,4.8593,2.4594
0.53440,4.8485,2.4854
0.57270,4.9025,2.4659
0.59580,4.8054,2.4529
0.58770,4.8917,2.4594
0.49260,5.4209,2.5115
0.53620,4.8917,2.4529
0.42620,5.4533,2.5245
0.57440,4.8593,2.4659
0.55040,4.8593,2.4789
0.55510,4.8701,2.4724
0.51160,4.8377,2.4919
-0.00000,4.8593,2.4724
0.53440,4.8485,2.4854
0.51190,4.8270,2.4919
0.51070,4.8377,2.4919
0.55360,4.8485,2.4724
0.52930,4.8377,2.4854
0.52250,4.8377,2.4854
0.45660,4.8270,2.5115
0.55320,4.8593,2.4789
0.49470,4.8270,2.4984
0.51760,4.8377,2.4919
0.56230,4.8377,2.4724
0.57740,4.8485,2.4594
0.58130,4.8485,2.4659
0.51410,4.8270,2.4919
0.52540,4.8377,2.4854
0.45970,4.8054,2.5180
0.59890,4.8270,2.4919
0.53870,4.8485,2.4854
0.53970,4.8377,2.4789
0.55460,4.8377,2.4724
0.59270,4.8270,2.4659
0.66520,4.7190,2.5375
0.42640,4.8377,2.4984
0.51900,4.8270,2.4919
0.51880,4.8377,2.4919
0.55950,4.8377,2.4789
0.56580,4.8377,2.4724
0.42350,4.7622,2.5505
0.67600,4.8270,2.4594
0.55920,4.7082,2.5895
-0.00000,4.8377,2.4724
-0.00000,4.8270,2.4724
0.41730,4.8054,2.5245
0.48170,4.8270,2.5049
0.50600,4.7838,2.4529
0.49870,4.8162,2.4919
0.49710,4.8162,2.4984
0.52470,4.8162,2.4529
0.55180,4.8377,2.4724
0.50050,4.8270,2.4984
0.57350,4.8270,2.4659
0.28590,4.7514,2.5700
0.51570,4.8162,2.4854
0.58030,4.8485,2.4659
0.44380,4.8054,2.5180
0.51910,4.8377,2.4919
0.53130,4.8485,2.4854
0.56210,4.8377,2.4724
0.41380,4.8270,2.4919
0.51280,4.8485,2.4984
0.56320,4.8377,2.4659
0.32940,4.7730,2.5049
0.55070,4.8593,2.4789
0.50670,4.8270,2.4984
0.65540,4.7406,2.5635
0.51420,4.8377,2.4919
0.50570,4.8270,2.4919
0.54210,4.8485,2.4789
0.52100,4.8485,2.4919
0.54190,4.8162,2.4919
0.66700,4.8270,2.4399
0.56880,4.8162,2.5115
0.52560,4.8485,2.4919
-0.00000,4.8377,2.4789
0.58130,4.8377,2.4594
0.36150,4.8377,2.5115
0.57080,4.8377,2.4659
0.53450,4.8485,2.4854
0.50470,4.8485,2.4919
0.56500,4.8701,2.4659
0.60860,4.8485,2.4529
0.59750,4.8377,2.4529
0.57580,4.8593,2.4659
0.60870,4.8485,2.4464
0.59900,4.8485,2.4529
0.48730,4.8377,2.4984
0.58610,4.8485,2.4594
0.61860,4.8270,2.5115
0.51160,4.8593,2.4789
0.49670,4.8593,2.4984
0.53260,4.8485,2.4854
0.55200,4.8485,2.4724
0.49870,4.8485,2.4984
0.09010,4.7946,2.5570
0.43150,4.7622,2.5635
0.51670,4.8485,2.4854
-0.21940,4.7514,2.5700
0.33180,4.7190,2.6025
0.54260,4.8377,2.4854
0.63110,4.8270,2.4984
0.54830,4.8593,2.4789
0.52570,4.8593,2.4854
0.61260,4.8377,2.4529
0.55790,4.8485,2.4789
0.54520,4.8593,2.4724
0.54100,4.8593,2.4789
-0.00000,4.8485,2.4984
0.50780,4.8377,2.4854
0.52510,4.8377,2.4854
0.53410,4.8485,2.4854
0.55330,4.7838,2.4464
0.52940,4.8485,2.4789
0.50370,4.8377,2.4984
0.46930,4.8270,2.5180
0.57010,4.7838,2.4529
0.56030,4.8593,2.4724
0.58970,4.8485,2.4594
0.52380,4.8377,2.4854
0.52510,4.8377,2.4854
0.54620,4.8485,2.4724
0.58300,4.8485,2.4659
0.56090,4.8485,2.4724
0.57690,4.8162,2.4724
0.53770,4.8593,2.4919
0.54250,4.7838,2.4594
0.57120,4.8485,2.4659
0.50520,4.8377,2.4919
0.49420,4.8485,2.4984
0.55360,4.8593,2.4789
0.96450,4.7838,2.4659
-0.58010,4.6866,2.5895
0.53090,4.8593,2.4854
0.53880,4.8485,2.4789
0.67170,4.6434,2.6416
0.55040,4.8054,2.5115
0.53520,4.8593,2.4919
0.51600,4.8377,2.4854
-0.00000,4.8593,2.4789
0.52590,4.8485,2.4854
0.51120,4.8377,2.4919
0.52150,4.8270,2.4854
0.52630,4.8377,2.4854
0.58700,4.8593,2.4594
0.52690,4.8485,2.4854
0.53500,4.8593,2.4854
0.55410,4.8485,2.4789
0.53800,4.8485,2.4854
0.55060,4.8485,2.4724
0.55730,4.8485,2.4789
0.53840,4.8377,2.4789
0.64570,4.7622,2.5115
0.43080,4.8270,2.4919
0.55010,4.8485,2.4789
0.54340,4.8377,2.4789
-0.11700,4.7514,2.5440
0.57930,4.8377,2.4659
0.57580,4.8377,2.4659
0.49670,4.8270,2.4984
0.53560,4.8377,2.4854
0.56070,4.8485,2.4724
0.04180,4.6434,2.5635
0.50690,4.8270,2.4854
0.57710,4.8377,2.4594
-0.24380,4.6866,2.5830
-0.02000,4.7730,2.5180
0.57690,4.8485,2.4659
0.54000,4.8377,2.4854
0.53140,4.8270,2.4854
0.50970,4.8270,2.4984
0.44130,4.8162,2.4659
0.50880,4.8377,2.4919
0.50070,4.8270,2.4919
0.57820,4.8377,2.4594
0.53220,4.8270,2.4789
0.55340,4.8377,2.4789
0.51350,4.8377,2.4919
0.54550,4.7838,2.4529
0.58400,4.8162,2.4659
0.58160,4.8270,2.4659
0.34520,4.8270,2.5049
-0.07300,4.7514,2.5505
0.54890,4.8270,2.4789
0.53670,4.8270,2.4789
0.49170,4.8162,2.4984
-0.72520,4.6542,2.5765
0.57650,4.8270,2.4724
0.51940,4.8270,2.4659
0.51740,4.8270,2.4854
0.36940,4.7730,2.5505
0.61390,4.8162,2.4529
0.56090,4.8377,2.4789
0.47250,4.8270,2.4789
0.61230,4.7946,2.4529
0.55360,4.8593,2.4724
0.50910,4.8701,2.4854
0.04840,4.7622,2.5180
0.57680,4.8593,2.4659
0.50500,4.8377,2.4854
0.67280,4.9133,2.4464
0.54420,4.8701,2.4854
0.52090,4.8593,2.4854
-0.00000,4.8054,2.4984
-0.60750,4.6974,2.6025
0.43980,5.0861,2.5180
0.54290,4.8701,2.4789
0.55340,4.8701,2.4724
0.35320,4.8917,2.4854
0.50470,4.9457,2.4919
0.51950,4.8701,2.4854
0.52210,4.8270,2.4789
0.48890,4.8270,2.4984
0.42860,4.7838,2.5245
0.55250,4.8485,2.4724
0.52150,4.8485,2.4854
0.58530,4.8809,2.4659
0.61410,4.6002,2.6221
0.56890,4.8701,2.4724
0.49200,4.8377,2.4984
0.77120,4.8270,2.5115
0.35770,4.8377,2.4724
0.84530,4.7946,2.4854
0.55460,4.8809,2.4724
0.55920,4.8593,2.4854
0.51750,4.8917,2.4854
0.53080,4.8809,2.4789
0.55310,4.8701,2.4789
0.57410,4.8701,2.4594
0.54920,4.8809,2.4789
0.49970,4.8593,2.4984
0.17280,4.7730,2.5310
0.53200,4.8809,2.4854
-0.58670,4.7514,2.7262
0.50600,5.0861,2.4919
0.51970,5.0537,2.4854
0.42500,5.2481,2.5180
0.20510,5.8960,2.6090
-0.13870,5.3993,2.6156
0.08640,4.7622,2.6286
0.56630,4.8917,2.4659
0.46830,5.5073,2.5049
0.41280,5.1185,2.5310
0.47260,5.1509,2.5049
0.68420,4.7946,2.4789
0.50530,4.8809,2.4919
0.30590,4.8809,2.5830
0.53320,5.0429,2.4789
0.02780,5.4209,2.6351
0.30340,5.6476,2.6025
-0.01890,5.9068,2.6936
0.76350,4.6758,2.6351
0.28710,5.6368,2.6156
0.18250,5.3993,2.6286
0.42070,5.1401,2.5310
0.14650,5.3777,2.6416
-0.43530,5.9392,2.6481
0.34190,5.3561,2.6286
0.31120,5.9068,2.6416
0.36950,5.3669,2.5895
-0.06100,5.4317,2.7327
0.01950,4.7514,2.6676
0.50070,4.7946,2.4854
0.50540,4.7946,2.4854
0.50190,4.7946,2.4854
0.55020,4.8054,2.4724
0.52080,4.7946,2.4854
-0.00000,4.7946,2.4919
-0.00000,4.8054,2.4854
0.52920,4.8054,2.4854
0.54230,4.8054,2.4789
0.54340,4.8270,2.4854
0.52490,4.8162,2.4854
0.56950,4.7946,2.4919
0.54720,4.8485,2.4789
0.57210,4.8917,2.4659
0.43530,4.8485,2.5245
0.60690,4.8701,2.4529
0.58010,4.8809,2.4659
0.54210,4.8701,2.4789
0.07820,4.7622,2.6025
0.52280,4.8485,2.4854
0.42630,4.8593,2.5245
0.49830,4.8917,2.4984
1.13230,4.6974,2.6025
0.55000,4.8917,2.4724
0.53970,4.8809,2.4724
0.53080,4.9025,2.4854
0.51830,4.8917,2.4919
0.56300,4.9025,2.4594
0.64480,4.7838,2.5245
0.58980,4.8593,2.4594
0.47400,5.2157,2.5115
0.56960,4.8917,2.4659
0.54780,4.7838,2.5765
0.63990,4.7514,2.5375
0.54790,4.8809,2.4789
0.56350,4.9889,2.4659
0.55530,4.9133,2.4789
0.55830,4.8917,2.4724
0.52810,4.8917,2.4854
0.48610,4.8809,2.4984
0.56050,4.9025,2.4659
0.53160,4.9025,2.4854
0.64760,4.7514,2.5310
0.54170,4.8701,2.4789
0.57570,4.8917,2.4594
0.49130,4.8701,2.4984
0.56430,4.9565,2.4919
0.57630,4.8917,2.4659
0.55080,4.8809,2.4789
0.51610,4.8809,2.4724
0.55260,4.8917,2.4789
0.50000,4.8809,2.4984
0.54890,4.8917,2.4724
0.59330,4.8809,2.4529
0.52390,4.9025,2.4854
0.24540,4.8701,2.4984
0.54100,4.9025,2.4854
0.51020,4.8809,2.4854
0.53250,4.8917,2.4789
0.57030,4.8917,2.4594
0.59300,4.8809,2.4529
0.54380,4.8270,2.5505
0.55100,4.8917,2.4789
0.49990,4.8809,2.4984
0.42630,4.8701,2.4984
0.54780,4.8809,2.4464
0.52550,4.8701,2.4594
0.53260,4.8917,2.4789
0.50010,4.8917,2.4984
-0.00000,4.8809,2.4594
-0.00000,4.7730,2.5765
0.52380,4.8809,2.4854
0.59990,4.8162,2.4529
0.57780,4.8917,2.4659
0.54550,4.8809,2.4724
0.51150,4.8917,2.4919
0.56870,4.8917,2.4659
0.52810,4.8809,2.4789
0.99170,4.7946,2.5505
0.50220,5.0969,2.4919
0.51890,4.8917,2.4724
0.55660,4.8917,2.4724
0.54490,4.9025,2.4854
0.53760,4.9025,2.4854
0.54150,4.9133,2.4789
0.49550,4.8701,2.5049
0.53310,4.8809,2.4789
0.51480,4.9025,2.4919
0.56190,4.8917,2.4724
0.57500,4.8917,2.4659
0.70060,4.8809,2.4724
0.66350,4.7622,2.5570
0.63830,4.8809,2.4464
0.56340,4.8917,2.4724
0.30740,4.7946,2.5245
-0.17330,4.6866,2.6090
-0.19650,4.7190,2.5895
0.44700,4.8485,2.5245
0.49670,4.8593,2.5049
0.48450,4.8701,2.5049
0.49010,4.8809,2.4984
0.57170,5.2265,2.4724
0.54750,4.9133,2.4789
0.57720,4.7946,2.4464
0.56960,4.9133,2.4659
0.50800,4.9025,2.4919
0.55080,4.9133,2.4724
0.57820,4.8054,2.5049
0.51720,5.3237,2.4919
0.52170,4.9781,2.4854
0.51740,5.0213,2.4854
0.50490,5.0861,2.5049
0.38040,5.0645,2.5310
0.57840,4.9565,2.4594
0.42430,5.4209,2.5245
0.52100,5.0105,2.4854
0.45990,4.9241,2.5049
0.50740,5.1725,2.5180
0.35580,5.1401,2.5245
0.48940,5.1941,2.5245
-0.21140,4.8054,2.5635
-0.07080,4.7406,2.6481
0.53310,4.9781,2.4789
0.51940,5.3993,2.5505
0.35350,4.8809,2.5570
0.36500,5.1833,2.5700
0.39390,4.9349,2.5310
0.49200,5.1617,2.5115
0.33140,5.3237,2.5635
0.45340,5.3129,2.5570
0.57190,5.2157,2.4724
0.03010,4.7622,2.6221
-0.00000,4.9457,2.4919
0.54290,4.9457,2.4789
0.45150,4.9997,2.4984
0.42630,5.0969,2.5570
0.49440,5.2589,2.5049
0.49810,4.9349,2.4919
0.50770,4.9349,2.4919
0.47450,4.9133,2.5049
0.50870,4.9997,2.4984
0.12100,6.4467,2.7457
0.16680,5.8636,2.6090
0.53590,4.8162,2.4789
0.65180,4.8054,2.4529
0.49180,4.8162,2.4789
0.52030,4.7514,2.4529
0.56430,4.8270,2.4724
0.50630,4.8270,2.4919
0.53610,4.8701,2.4789
0.68420,4.7298,2.4594
0.59640,4.8701,2.4529
0.66660,4.6326,2.6286
0.55210,4.8593,2.4529
0.66620,4.8809,2.4594
0.59780,5.0213,2.4594
0.29180,4.6326,2.6546
0.21750,4.9025,2.5180
0.38670,4.9025,2.5049
0.53180,4.8593,2.4854
0.48160,4.8270,2.5049
0.57810,4.8485,2.4594
0.54450,4.8485,2.4854
0.54300,4.8485,2.4789
0.55570,4.8485,2.4724
0.55500,4.8701,2.4854
0.65520,4.8162,2.4724
0.52940,4.8593,2.4854
0.59540,4.8270,2.4724
0.59490,4.8485,2.4594
0.58480,4.8701,2.4659
0.53300,4.8593,2.4789
0.38140,4.8701,2.4789
0.54160,4.8809,2.4789
0.48020,4.8593,2.5049
0.52320,4.9565,2.5180
0.30460,5.3453,2.5700
0.55080,4.9025,2.4724
0.48280,4.9133,2.4854
0.53550,4.9241,2.4724
0.71280,4.6218,2.6351
0.53660,4.9889,2.4789
0.04340,5.6260,2.6806
-0.09560,5.5936,2.7066
0.51360,4.8162,2.4854
0.59230,4.9025,2.4919
0.57480,4.7622,2.5245
0.43410,4.8162,2.5180
0.52400,4.8377,2.4854
0.69010,4.8054,2.5115
0.49850,4.8270,2.4984
0.51850,4.8377,2.4854
0.38010,4.8162,2.5180
0.58220,4.7838,2.5440
-0.00000,4.8485,2.4659
0.52510,4.8377,2.4854
0.59950,4.8377,2.4659
0.55520,4.8377,2.4724
0.53860,4.8485,2.4789
0.50590,4.8377,2.4984
0.71780,4.7406,2.4724
0.53610,4.8162,2.4854
0.54220,4.8377,2.4789
1.03680,4.7406,2.4919
0.54110,4.8377,2.4789
0.55170,4.8485,2.4789
0.54540,4.8377,2.4724
0.56120,4.8593,2.4724
0.55640,4.8162,2.4789
0.42600,4.8054,2.5049
0.51640,4.8377,2.4854
0.54060,4.8377,2.4789
0.48430,4.8270,2.4659
0.59900,4.8377,2.4659
0.55570,4.8485,2.4789
0.48370,4.8270,2.5115
0.58640,4.8377,2.4529
0.51530,4.8485,2.4919
0.59890,4.7082,2.5895
0.55840,4.8485,2.4724
0.65530,4.8377,2.4529
0.56820,4.8593,2.4659
0.45360,4.8054,2.4594
0.45210,4.8270,2.4854
0.63430,4.8377,2.4464
0.55530,4.8485,2.4724
-0.00000,4.8377,2.4984
0.55190,4.8485,2.4789
0.54250,4.8485,2.4854
0.59860,4.8377,2.4594
0.55250,4.8593,2.4789
0.59960,4.8485,2.4594
0.52500,4.8485,2.4854
0.58000,4.8485,2.4789
0.52550,4.8377,2.4854
0.55490,4.8485,2.4724
-0.31690,4.7514,2.5700
0.65030,4.7838,2.4984
0.58560,4.8701,2.4594
0.16740,4.8270,2.4854
0.52180,4.8485,2.4854
0.58060,4.8701,2.4659
0.52440,4.8701,2.4919
0.52250,4.7946,2.4854
0.38100,4.8377,2.4984
-0.10310,4.7622,2.5570
0.54400,4.8485,2.4724
0.57100,4.8485,2.4659
0.56310,4.8593,2.4724
0.58270,4.8485,2.4659
-0.20400,4.6758,2.5765
0.47640,4.8270,2.5049
0.47570,4.8270,2.5049
0.71230,4.7730,2.5375
0.55570,4.8485,2.4789
0.56320,4.8054,2.5245
0.53230,4.8485,2.4854
0.55570,4.8485,2.4724
-0.00000,4.8701,2.4789
-0.00000,4.8485,2.4789
0.60700,4.8377,2.4529
0.57990,4.8701,2.4659
0.55320,4.8485,2.4724
0.60070,4.7838,2.4984
0.38630,4.8377,2.5180
0.49740,4.8377,2.4984
0.07130,4.5678,2.7197
0.11120,4.8485,2.5115
0.54360,4.8485,2.4789
0.62510,4.8593,2.5310
0.51880,4.8485,2.4854
0.54490,4.8485,2.4724
0.52830,4.8485,2.4854
0.54590,4.8485,2.4724
0.56840,4.8485,2.4659
0.56160,4.8485,2.4724
0.54810,4.8485,2.4724
0.52000,4.8377,2.4919
0.44600,4.8162,2.5180
0.50480,4.8377,2.4984
0.54670,4.8485,2.4789
0.63230,4.8377,2.4789
0.68800,4.7730,2.4789
0.48750,4.8377,2.5049
0.56200,4.8593,2.4724
0.52480,4.8485,2.4854
0.47690,4.8270,2.5049
0.53650,4.8485,2.4789
0.58650,4.8485,2.4529
0.58680,4.8270,2.4984
0.53330,4.8485,2.4854
-0.00000,4.8485,2.5049
0.53880,4.8377,2.4789
0.55200,4.8485,2.4789
0.54150,4.8485,2.4789
0.48730,4.8377,2.5049
0.58010,4.8377,2.4659
0.52050,4.8485,2.4854
0.54140,4.8593,2.4789
0.58290,4.8377,2.4594
0.62460,4.8270,2.4464
0.61670,4.8270,2.4724
0.55940,4.8485,2.4724
0.46840,4.8377,2.4919
0.55580,4.8593,2.4724
0.55310,4.8593,2.4724
0.54210,4.8485,2.4789
0.54810,4.8593,2.4789
0.53250,4.8485,2.4854
0.51460,4.8485,2.4984
0.50350,4.8162,2.4659
0.53340,4.8485,2.4854
0.55710,4.8593,2.4724
0.54970,4.8593,2.4724
0.54640,4.8701,2.4789
0.54650,4.8485,2.4789
0.64020,4.8270,2.4659
0.64200,4.8593,2.4659
0.54750,4.8593,2.4919
0.49650,4.8377,2.4984
0.50950,4.8701,2.4854
0.54720,4.8485,2.4789
-0.00000,4.8377,2.4984
0.49830,4.8485,2.4984
0.54130,4.8377,2.4724
0.50210,4.8377,2.4984
0.58930,4.8377,2.4594
0.53660,4.8485,2.4789
0.50540,4.8377,2.5049
0.44230,4.8485,2.4919
0.49830,4.8485,2.4984
0.41110,4.7082,2.5635
0.49780,4.8377,2.4984
0.51120,4.8377,2.4854
0.51880,4.8162,2.4984
0.58630,4.7946,2.5245
0.55150,4.8485,2.4724
0.56450,4.8593,2.4659
0.62650,4.8162,2.4464
0.56670,4.8162,2.4919
0.53300,4.8377,2.4789
0.49830,4.8377,2.4984
0.54360,4.8485,2.4789
0.56800,4.8162,2.4724
0.58710,4.8593,2.4594
0.51210,4.7190,2.5830
0.33880,4.6866,2.5830
0.66550,4.6866,2.5830
0.52040,4.8377,2.4854
0.52470,4.8485,2.4919
0.48280,4.8377,2.4984
0.65930,4.6974,2.5245
0.14920,4.8270,2.4919
-0.00000,4.8485,2.4724
0.57500,4.8485,2.4659
-0.00000,4.8593,2.4789
0.53180,4.8377,2.4789
0.52980,4.8485,2.4724
0.54460,4.8593,2.4854
0.56750,4.8485,2.4724
0.55550,4.8593,2.4724
0.52820,4.8593,2.4919
0.52790,4.8701,2.4854
0.52580,4.8485,2.4919
0.52310,4.8485,2.4854
0.44230,4.8377,2.5245
0.54130,4.8377,2.4789
0.57830,4.8701,2.4659
0.59380,4.8485,2.4659
0.54090,4.8593,2.4789
0.53240,4.8485,2.4854
0.44210,4.7838,2.4594
0.48550,4.8270,2.4594
0.44820,4.8270,2.5180
0.52370,4.8485,2.4919
0.54880,4.8485,2.4789
0.62620,4.8162,2.4919
0.50390,4.8485,2.4919
0.68040,4.7730,2.4724
0.52040,4.8270,2.4984
0.50760,4.8593,2.4919
0.53210,4.8485,2.4789
0.78070,4.7514,2.5049
0.52230,4.8593,2.4854
0.53460,4.8593,2.4854
0.55210,4.8593,2.4724
-0.00000,4.8377,2.4984
0.50150,4.8162,2.5245
0.55280,4.8485,2.4724
0.58820,4.8485,2.4854
0.54990,4.8701,2.4789
0.56950,4.8593,2.4724
0.59460,4.8485,2.4464
0.55300,4.8485,2.4789
0.57560,4.8054,2.5245
0.54800,4.8485,2.4789
0.49840,4.8377,2.4984
0.43050,4.8054,2.5375
0.55350,4.8485,2.4724
0.51240,4.8377,2.4919
0.57440,4.8377,2.4724
0.53130,4.8485,2.4854
0.56560,4.8485,2.4659
0.57740,4.8593,2.4659
0.51100,4.8485,2.4919
0.52330,4.8485,2.4854
0.47200,4.8377,2.4724
0.57240,4.8485,2.4789
0.57780,4.8593,2.4659
0.48830,4.8377,2.4984
0.48570,4.8377,2.5049
0.51260,4.8377,2.4919
0.64010,4.8162,2.4464
0.52800,4.8485,2.4854
0.68290,4.8054,2.4919
0.57750,4.8593,2.4659
0.53670,4.8593,2.4789
0.75070,4.7730,2.4854
0.50920,4.8485,2.4919
-0.00000,4.8593,2.4724
0.55460,4.8485,2.4724
0.54530,4.8485,2.4789
0.58680,4.8485,2.4594
1.00050,4.7406,2.4659
0.62750,4.8162,2.4464
0.56600,4.8485,2.4659
0.56570,4.8593,2.4724
0.55960,4.8485,2.4724
0.55860,4.8485,2.4659
0.48700,4.8377,2.5049
0.58440,4.8270,2.4659
0.50940,4.8485,2.4919
0.64660,4.7730,2.5115
0.29920,4.7730,2.5765
0.52930,4.8917,2.4789
0.53740,4.8485,2.4789
0.47660,4.8270,2.4659
0.50130,4.8485,2.4984
0.54260,4.8485,2.4789
0.62630,4.7514,2.5180
0.58740,4.8377,2.4724
0.58140,4.8485,2.4659
0.59400,4.8162,2.4724
0.58500,4.8485,2.4594
0.48820,4.8270,2.4984
0.55710,4.8485,2.4724
0.54060,4.8485,2.4789
0.63620,4.7622,2.5505
0.54750,4.8593,2.4724
-0.00000,4.8593,2.4854
-0.00000,4.8593,2.4984
0.54760,4.8377,2.4724
0.49190,4.8377,2.4984
0.48680,4.8270,2.4984
0.56150,4.8593,2.4659
0.57580,4.8485,2.4594
0.53250,4.8485,2.4854
0.53460,4.8485,2.4789
0.53070,4.8593,2.4854
0.55380,4.8593,2.4789
0.05920,4.6110,2.6936
0.58100,4.8162,2.4659
0.51330,4.8593,2.4919
0.54650,4.8485,2.4724
-0.31720,4.6866,2.5440
0.59620,4.8377,2.4529
0.47560,4.8377,2.5049
0.54670,4.8593,2.4724
0.44130,4.8054,2.4659
0.53940,4.8485,2.4854
0.34110,4.8054,2.5375
1.00900,4.7730,2.5049
0.52420,4.8593,2.4919
0.47500,4.8485,2.4984
0.52980,4.8701,2.4854
0.56660,4.8593,2.4789
0.57200,4.8593,2.4659
0.53100,4.8593,2.4789
0.68480,4.7946,2.4919
0.52590,4.8593,2.4854
0.43630,4.8377,2.5180
0.55110,4.8701,2.4789
0.49210,4.8485,2.5049
0.56620,4.8701,2.4724
0.49190,4.8377,2.4984
0.49530,4.8377,2.4984
0.54180,4.8593,2.4789
0.55770,4.8593,2.4789
0.59830,4.8593,2.4594
0.55850,4.8701,2.4724
0.50100,4.8593,2.4854
0.53450,4.9349,2.4789
0.55360,4.8809,2.4789
0.55170,4.8593,2.4724
0.80580,4.8162,2.4594
0.50320,4.8485,2.4984
0.51380,4.8485,2.4919
0.47470,4.8377,2.5115
0.48600,4.8377,2.5049
0.57840,4.8054,2.4659
0.48760,4.8377,2.5049
0.66580,4.7838,2.4594
0.53270,4.8593,2.4919
0.58880,4.8593,2.4594
0.51030,4.8593,2.4984
0.66600,4.5894,2.6286
0.55370,4.8485,2.4724
0.41230,4.8270,2.4659
0.52140,4.8162,2.4594
0.63800,4.8593,2.4594
0.55530,4.8593,2.4789
0.57730,4.8377,2.4594
-0.00000,4.8593,2.4594
0.57550,4.8701,2.4659
0.53380,4.8485,2.4854
0.48190,4.8162,2.4984
0.46980,4.8270,2.5115
0.44920,4.8162,2.5180
0.51880,4.8377,2.4854
0.50380,4.8485,2.4984
0.55420,4.8485,2.4724
0.50810,4.8377,2.4919
0.51150,4.8809,2.4789
0.54820,4.8593,2.4789
0.56980,4.8485,2.4659
0.53750,4.8485,2.4789
0.50090,4.8162,2.4789
0.56690,4.8701,2.4789
0.62550,4.8054,2.5049
0.55600,4.8270,2.4659
0.54320,4.8593,2.4854
0.50500,4.8593,2.4724
0.54090,4.8593,2.4789
0.55360,4.8485,2.4724
0.56300,4.8593,2.4724
0.57340,4.8701,2.4659
0.51480,4.8593,2.4919
0.55280,4.8485,2.4789
0.54800,4.8485,2.4724
0.58960,4.8485,2.4594
0.54180,4.8593,2.4789
0.58520,4.8485,2.4594
0.64250,4.8162,2.4594
-0.00000,4.8485,2.4919
0.54430,4.8485,2.4789
0.49420,4.8377,2.4984
0.44330,4.8162,2.5180
0.55200,4.8485,2.4724
0.53330,4.8485,2.4854
0.56630,4.8593,2.4724
0.55010,4.8485,2.4724
0.61210,4.8270,2.4464
0.52920,4.8593,2.4854
0.55940,4.8485,2.4724
0.55360,4.8593,2.4789
0.57790,4.8485,2.4659
0.58210,4.8485,2.4594
0.56000,4.8485,2.4724
0.52600,4.8377,2.4919
0.45110,4.8162,2.5245
0.47260,4.7730,2.4594
0.49480,4.8485,2.4919
0.53180,4.8485,2.4854
0.54150,4.8485,2.4789
0.48800,4.8270,2.5049
0.47720,4.8270,2.4984
0.58260,4.8270,2.4724
0.52790,4.8485,2.4854
0.56140,4.8593,2.4724
0.50440,4.8377,2.4919
0.58270,5.1833,2.4529
0.22630,5.4749,2.5960
0.51060,4.7946,2.4919
0.51160,4.7946,2.4854
0.56740,4.8054,2.4659
0.52760,4.7946,2.4854
-0.00000,4.7946,2.4854
0.55590,4.8054,2.4659
0.53300,4.8054,2.4854
0.59090,4.8054,2.4529
0.46810,4.7838,2.5049
0.51790,4.7406,2.5375
0.56490,4.8054,2.4724
0.52310,4.8054,2.4854
0.59020,4.8054,2.4594
0.58100,4.8054,2.4659
0.49550,4.7946,2.4919
0.49750,4.7730,2.4594
0.54830,4.8054,2.4789
0.55900,4.8054,2.4724
0.56900,4.8054,2.4724
0.50870,4.8054,2.4919
0.54220,4.8054,2.4789
0.59500,4.7838,2.4529
0.61250,4.7082,2.5245
0.48590,4.7730,2.4789
0.56670,4.8162,2.4724
0.63790,4.7946,2.4724
0.61310,4.7730,2.5049
0.55760,4.8162,2.4724
0.50540,4.7946,2.4919
0.65960,4.7838,2.4529
0.65170,4.5570,2.6351
0.54640,4.8054,2.4854
0.53550,4.8054,2.4789
0.55530,4.8162,2.4724
0.59370,4.8162,2.4659
-0.00000,4.8054,2.4919
0.60000,4.8054,2.4529
0.45160,4.7838,2.5115
0.55170,4.8054,2.4724
0.39450,4.7838,2.4659
0.58990,4.7838,2.4854
0.52380,4.8054,2.4854
0.51740,4.8054,2.4854
0.35960,4.8701,2.4854
0.51910,4.8054,2.4854
0.51860,4.8054,2.4919
0.55900,4.8162,2.4724
0.51470,4.8162,2.4919
0.84940,4.7730,2.4854
0.55770,4.8162,2.4594
0.56630,4.8162,2.4724
0.54110,4.8270,2.4789
0.64610,4.7298,2.4984
0.52110,4.8054,2.4984
0.57660,4.8054,2.4594
0.69050,4.6434,2.5700
0.56650,4.8270,2.4724
0.55960,4.8162,2.4724
0.48090,4.8054,2.5049
-0.11500,4.7082,2.5635
0.56130,4.8162,2.4789
0.59140,4.7838,2.4854
0.59590,4.8162,2.4529
0.53800,4.8162,2.4724
-0.00000,4.8054,2.4789
-0.00000,4.8054,2.4724
0.44540,4.7946,2.4594
0.55910,4.8162,2.4724
0.58540,4.8162,2.4659
0.60730,4.8054,2.4594
0.54670,4.8377,2.4789
0.54510,4.8162,2.4724
0.59010,4.8162,2.4594
0.55920,4.8162,2.4724
0.51110,4.8054,2.4854
0.55950,4.8162,2.4724
0.56130,4.8054,2.4724
0.77520,4.7946,2.4789
0.56930,4.8162,2.4659
0.61590,4.8162,2.4594
0.56500,4.8162,2.4724
0.68380,4.5570,2.6221
0.54950,4.8162,2.4789
0.55050,4.8162,2.4724
0.55280,4.8162,2.4724
0.57080,4.8162,2.4659
0.60360,4.8162,2.4529
0.58860,4.8270,2.4659
0.61050,4.8054,2.4529
0.43130,4.8162,2.4789
0.02790,4.7622,2.5115
0.53540,4.8162,2.4854
0.53700,4.8054,2.4789
0.49230,4.8162,2.5049
-0.22830,4.6650,2.6156
0.51980,4.8054,2.4854
-0.00000,4.8162,2.4724
0.56310,4.8270,2.4789
0.43950,4.7514,2.4594
0.51970,4.8162,2.4919
0.54930,4.8162,2.4789
0.51000,4.8054,2.4919
0.54810,4.8054,2.4594
0.58980,4.8054,2.4594
0.51450,4.8054,2.4854
0.51340,4.8054,2.4919
0.57870,4.8054,2.4659
0.56140,4.8162,2.4724
0.46940,4.8054,2.4919
0.52840,4.7838,2.5049
0.53120,4.8162,2.4854
0.54100,4.8162,2.4789
0.53530,4.8162,2.4854
0.54860,4.8162,2.4789
0.53780,4.8054,2.4789
0.97380,4.7514,2.4659
0.62080,4.8054,2.4789
0.48120,4.8054,2.5115
0.56350,4.8270,2.4789
0.72270,4.7622,2.4659
0.31830,4.6542,2.5830
0.55600,4.8162,2.4789
0.51940,4.8054,2.4919
0.50620,4.7514,2.5245
0.56250,4.8054,2.4464
0.56010,4.8162,2.4724
0.24780,4.7730,2.5440
0.61120,4.8162,2.4594
-0.00000,4.8054,2.4529
0.52850,4.8054,2.4854
0.54920,4.8162,2.4789
0.53220,4.8162,2.4854
0.57430,4.8162,2.4659
-0.24470,4.7190,2.5440
0.55470,4.8162,2.4789
0.55640,4.8054,2.4724
0.53990,4.8270,2.4919
0.54210,4.8054,2.4789
0.66770,4.8054,2.4659
0.54930,4.8054,2.4789
0.57120,4.8162,2.4724
0.52710,4.7946,2.4854
0.44730,4.7946,2.4594
0.55500,4.8162,2.4789
0.55520,4.8270,2.4724
0.53530,4.8162,2.4789
0.58120,4.8054,2.4659
0.55820,4.8270,2.4789
0.67000,4.6542,2.5765
0.62670,4.6974,2.5570
-0.21690,4.5462,2.6286
0.49660,4.8162,2.4984
0.56130,4.8162,2.4724
0.54760,4.8270,2.4789
0.49860,4.8162,2.4724
0.51950,4.8054,2.4854
0.54700,4.8377,2.4854
-0.00000,4.8054,2.5115
-0.00000,4.8054,2.5049
0.65450,4.6542,2.5700
0.54760,4.8162,2.4789
0.58450,4.8162,2.4594
0.51840,4.8054,2.4984
0.59800,4.8162,2.4529
0.54090,4.8162,2.4789
-0.04250,4.6758,2.6221
0.58190,4.8270,2.4659
0.54350,4.8162,2.4789
0.64200,4.8377,2.4594
0.70180,4.7406,2.4789
0.58990,4.8162,2.4594
0.08290,4.7298,2.5049
0.55500,4.7946,2.4789
0.54700,4.8162,2.4594
0.58230,4.8270,2.4659
0.56230,4.8270,2.4789
0.57560,4.8162,2.4594
0.54410,4.8270,2.4789
0.46150,4.7838,2.5180
0.53080,4.8162,2.4854
1.05590,4.6326,2.5635
-0.62830,4.6110,2.6481
0.63700,4.6866,2.5700
0.77590,4.7298,2.5310
0.48500,4.7838,2.5310
0.57920,4.8054,2.4789
0.52250,4.8270,2.4919
0.58540,4.8162,2.4594
0.55510,4.8270,2.4789
0.55090,4.8162,2.4724
0.53120,4.8162,2.4854
0.24760,4.7730,2.5440
0.56930,4.8270,2.4659
0.57350,4.8270,2.4659
0.50390,4.7838,2.4919
0.51200,4.8162,2.4724
0.62600,4.8054,2.4659
0.58450,4.8270,2.4594
0.54440,4.8162,2.4789
0.55480,4.8162,2.4724
0.62620,4.6218,2.5700
0.54360,4.8162,2.4789
0.67400,4.7298,2.5180
0.48440,4.8054,2.5115
0.49190,4.8270,2.4854
0.59280,4.8162,2.4529
0.48890,4.8054,2.4594
0.52640,4.8162,2.4854
0.53770,4.8270,2.4854
0.31420,4.7730,2.4984
0.56090,4.8270,2.4724
0.53020,4.8162,2.4854
0.13810,4.7514,2.5310
0.46960,4.8054,2.4984
0.52860,4.8162,2.4854
0.41470,4.7406,2.5180
0.96680,4.7514,2.5115
0.50790,4.8162,2.4919
0.52430,4.8162,2.4529
0.51530,4.8162,2.4854
0.15020,4.7622,2.5440
0.42980,4.7946,2.5310
0.53680,4.8270,2.4789
0.63290,4.7730,2.4984
0.57010,4.8270,2.4659
0.55720,4.8377,2.4724
0.29060,4.8054,2.4919
0.54550,4.8270,2.4724
0.49980,4.8162,2.4984
0.57150,4.7946,2.4724
0.52020,4.8162,2.4854
0.44580,4.8162,2.5049
0.48260,4.8054,2.5049
0.55370,4.8270,2.4724
0.52070,4.8162,2.4919
0.50090,4.8054,2.4984
0.54850,4.8270,2.4789
0.56910,4.8162,2.4659
0.53620,4.8270,2.4789
0.53610,4.8270,2.4789
0.48810,4.8162,2.4659
0.55730,4.8377,2.4724
0.55720,4.8485,2.4724
1.02580,4.6650,2.5700
0.60630,4.6866,2.5765
0.64450,4.6650,2.5700
0.60170,4.8270,2.4529
0.50510,4.8270,2.4984
0.55830,4.8485,2.4724
0.56920,4.8270,2.4659
0.69020,4.8485,2.4594
0.24190,4.7838,2.4789
0.59350,4.8377,2.4594
0.54440,4.8377,2.4789
-0.00000,4.8377,2.4789
0.51780,4.8377,2.4724
0.55770,4.8377,2.4724
0.59680,4.8485,2.4724
0.50870,4.8270,2.4984
0.59740,4.8593,2.4659
0.55680,4.8377,2.4724
0.49500,4.8270,2.4984
0.58320,4.8485,2.4724
0.52620,4.7838,2.5180
0.60710,4.7838,2.5115
0.57750,4.8485,2.4659
0.25700,4.8162,2.5115
0.56710,4.8162,2.4659
0.55390,4.8593,2.4724
0.55770,4.8485,2.4724
0.54020,4.8377,2.4789
0.59250,4.8593,2.4594
0.69290,4.7946,2.4724
0.51310,4.8377,2.4984
0.38320,5.0105,2.4919
0.52140,4.8377,2.4854
0.63750,4.7514,2.5180
0.61840,4.8270,2.4919
0.20230,4.8054,2.4854
0.46640,4.8377,2.5115
0.57290,4.8270,2.5049
0.52930,4.8485,2.4854
-0.00000,4.8377,2.4724
0.54970,4.8162,2.4529
0.54910,4.8593,2.4789
0.55690,4.8485,2.4724
0.52960,4.8593,2.4919
0.55160,4.8377,2.4724
0.58010,4.8377,2.4594
0.51100,4.8377,2.4919
0.51690,4.8485,2.4919
-0.67320,4.6866,2.6025
0.36420,4.8162,2.4919
0.55380,4.8485,2.4789
0.50660,4.8377,2.4919
0.53320,4.8485,2.4854
0.49090,4.8162,2.5049
0.54560,4.8593,2.4789
0.41350,4.8270,2.4984
0.42920,4.7946,2.5310
0.66420,4.6002,2.6286
0.40640,4.8054,2.5375
0.49950,4.8377,2.4984
0.63620,4.7838,2.4464
0.56870,4.8485,2.4594
0.63770,4.7298,2.5505
0.58870,4.7838,2.4529
0.68480,4.6218,2.5895
0.56950,4.8485,2.4659
0.53440,4.8485,2.4854
0.54300,4.8593,2.4854
0.53460,4.8485,2.4789
0.52770,4.8377,2.4919
0.52380,4.8377,2.4854
0.54450,4.8485,2.4789
-0.00000,4.8593,2.4594
0.55660,4.8593,2.4724
0.54690,4.8485,2.4789
0.57190,4.8485,2.4659
0.54180,4.8377,2.4789
0.54950,4.8485,2.4854
0.55710,4.8485,2.4724
0.61310,4.8054,2.4919
0.54270,4.8485,2.4789
0.52560,4.8485,2.4854
0.55250,4.8593,2.4724
0.58550,4.8593,2.4659
0.55030,4.8485,2.4789
0.47730,4.8162,2.5049
0.53580,4.8377,2.4919
0.52830,4.8593,2.4919
0.50260,4.8377,2.4984
0.47280,4.8162,2.4529
0.56090,4.8270,2.4659
0.49470,4.8377,2.4984
0.53390,4.8485,2.4789
0.49550,4.8270,2.4984
0.64330,4.8485,2.4529
0.55430,4.8485,2.4724
0.33440,4.8485,2.4789
0.59440,4.8162,2.4529
0.58390,4.7946,2.4529
0.55510,4.8593,2.4659
0.55180,4.7946,2.4724
0.18800,6.4359,2.6416
-0.05500,6.4143,2.6676
